date,obs_sst,copernicus_sst
2020-12-31,11.444444444444445,
2021-01-01,11.329166666666666,
2021-01-02,11.200000000000001,
2021-01-03,11.125,
2021-01-04,11.091666666666667,
2021-01-05,10.920833333333334,
2021-01-06,10.833333333333334,
2021-01-07,10.708333333333334,
2021-01-08,10.7875,
2021-01-09,10.670833333333333,
2021-01-10,10.695833333333333,
2021-01-11,10.6625,
2021-01-12,10.541666666666666,
2021-01-13,10.491666666666667,
2021-01-14,10.583333333333334,
2021-01-15,10.458333333333334,
2021-01-16,10.304166666666667,
2021-01-17,10.174999999999999,
2021-01-18,10.066666666666666,
2021-01-19,10.025,
2021-01-20,10.125,
2021-01-21,10.170833333333333,
2021-01-22,10.090909090909092,
2021-01-23,10.0375,
2021-01-24,10.104166666666666,
2021-01-25,10.170833333333333,
2021-01-26,10.054166666666665,
2021-01-27,10.095833333333333,
2021-01-28,9.945833333333335,
2021-01-29,9.845833333333333,
2021-01-30,9.8375,
2021-01-31,9.858333333333334,
2021-02-01,9.858333333333334,
2021-02-02,9.7875,
2021-02-03,9.754166666666666,
2021-02-04,9.8375,
2021-02-05,9.725,
2021-02-06,9.613043478260868,
2021-02-07,9.579166666666667,
2021-02-08,9.4625,
2021-02-09,9.545833333333333,
2021-02-10,9.508333333333333,
2021-02-11,9.512500000000001,
2021-02-12,9.860869565217392,
2021-02-13,9.625,
2021-02-14,9.612499999999999,
2021-02-15,9.275,
2021-02-16,9.208333333333334,
2021-02-17,9.045833333333333,
2021-02-18,8.958333333333334,
2021-02-19,9.1625,
2021-02-20,9.204166666666667,
2021-02-21,9.179166666666665,
2021-02-22,9.070833333333333,
2021-02-23,8.933333333333334,
2021-02-24,8.950000000000001,
2021-02-25,8.908333333333333,
2021-02-26,8.945833333333335,
2021-02-27,8.995833333333334,
2021-02-28,8.9625,
2021-03-01,8.916666666666666,
2021-03-02,8.929166666666667,
2021-03-03,9.120833333333334,
2021-03-04,9.0,
2021-03-05,9.1,
2021-03-06,8.958333333333334,
2021-03-07,9.1,
2021-03-08,9.154166666666667,
2021-03-09,9.512500000000001,
2021-03-10,9.470833333333333,
2021-03-11,9.445833333333333,
2021-03-12,9.166666666666666,
2021-03-13,9.395833333333334,
2021-03-14,9.950000000000001,
2021-03-15,9.591666666666667,
2021-03-16,9.3,
2021-03-17,9.316666666666668,
2021-03-18,9.75,
2021-03-19,9.758333333333333,
2021-03-20,9.6875,
2021-03-21,9.65,
2021-03-22,9.549999999999999,
2021-03-23,9.491666666666667,
2021-03-24,9.666666666666666,
2021-03-25,10.083333333333334,
2021-03-26,10.1625,
2021-03-27,9.904166666666667,
2021-03-28,10.120833333333334,
2021-03-29,10.458333333333334,
2021-03-30,10.408333333333333,
2021-03-31,10.512500000000001,
2021-04-01,10.566666666666666,
2021-04-02,10.583333333333334,
2021-04-03,10.445833333333333,
2021-04-04,10.116666666666665,
2021-04-05,10.516666666666667,
2021-04-06,10.866666666666667,
2021-04-07,11.191666666666668,
2021-04-08,10.841666666666667,
2021-04-09,11.2125,
2021-04-10,11.5,
2021-04-11,11.704166666666666,
2021-04-12,11.241666666666667,
2021-04-13,10.820833333333333,
2021-04-14,11.0375,
2021-04-15,11.254166666666668,
2021-04-16,11.225,
2021-04-17,11.149999999999999,
2021-04-18,11.375,
2021-04-19,11.758333333333333,
2021-04-20,13.012500000000001,
2021-04-21,12.6,
2021-04-22,12.333333333333334,
2021-04-23,12.183333333333332,
2021-04-24,12.229166666666666,
2021-04-25,12.704166666666666,
2021-04-26,12.725,
2021-04-27,12.887500000000001,
2021-04-28,13.404166666666667,
2021-04-29,13.333333333333334,
2021-04-30,13.266666666666666,
2021-05-01,13.137500000000001,
2021-05-02,13.191666666666665,
2021-05-03,13.379166666666668,
2021-05-04,13.2125,
2021-05-05,13.595833333333333,
2021-05-06,13.4375,
2021-05-07,13.516666666666666,
2021-05-08,13.465217391304348,
2021-05-09,14.170833333333334,
2021-05-10,13.858333333333334,
2021-05-11,13.870833333333335,
2021-05-12,15.020833333333334,
2021-05-13,16.266666666666666,
2021-05-14,15.4625,
2021-05-15,15.375,
2021-05-16,15.291666666666666,
2021-05-17,15.104166666666666,
2021-05-18,16.404166666666665,
2021-05-19,17.283333333333335,
2021-05-20,15.950000000000001,
2021-05-21,16.083333333333332,
2021-05-22,17.291666666666668,
2021-05-23,17.654166666666665,
2021-05-24,17.433333333333334,
2021-05-25,17.108333333333334,
2021-05-26,16.775000000000002,
2021-05-27,16.908333333333335,
2021-05-28,16.641666666666666,
2021-05-29,16.908333333333335,
2021-05-30,17.229166666666668,
2021-05-31,17.599999999999998,
2021-06-01,18.029166666666665,
2021-06-02,18.266666666666666,
2021-06-03,18.375,
2021-06-04,18.645833333333332,
2021-06-05,19.0,
2021-06-06,19.125,
2021-06-07,19.041666666666668,
2021-06-08,19.183333333333334,
2021-06-09,19.229166666666668,
2021-06-10,19.1125,
2021-06-11,20.579166666666666,
2021-06-12,20.441666666666666,
2021-06-13,20.83913043478261,
2021-06-14,20.104166666666668,
2021-06-15,19.516666666666666,
2021-06-16,20.408333333333335,
2021-06-17,20.6375,
2021-06-18,20.474999999999998,
2021-06-19,21.175,
2021-06-20,21.258333333333333,
2021-06-21,21.758333333333336,
2021-06-22,21.620833333333334,
2021-06-23,21.958333333333332,
2021-06-24,22.108333333333334,
2021-06-25,22.337500000000002,
2021-06-26,22.429166666666664,
2021-06-27,22.875,
2021-06-28,23.5,
2021-06-29,23.95,
2021-06-30,23.979166666666668,
2021-07-01,24.5,
2021-07-02,24.40833333333333,
2021-07-03,22.7,
2021-07-04,22.45,
2021-07-05,22.47083333333333,
2021-07-06,22.462500000000002,
2021-07-07,22.599999999999998,
2021-07-08,23.291666666666668,
2021-07-09,23.825,
2021-07-10,23.837500000000002,
2021-07-11,23.895833333333332,
2021-07-12,23.962500000000002,
2021-07-13,23.891666666666666,
2021-07-14,23.97083333333333,
2021-07-15,24.441666666666666,
2021-07-16,25.278260869565216,
2021-07-17,26.0,
2021-07-18,25.579166666666666,
2021-07-19,25.958333333333332,
2021-07-20,26.7,
2021-07-21,27.266666666666666,
2021-07-22,27.8625,
2021-07-23,28.224999999999998,
2021-07-24,28.379166666666666,
2021-07-25,27.9875,
2021-07-26,27.65416666666667,
2021-07-27,27.645833333333332,
2021-07-28,27.712500000000002,
2021-07-29,27.458333333333332,
2021-07-30,27.4375,
2021-07-31,27.474999999999998,
2021-08-01,27.208333333333332,
2021-08-02,28.099999999999998,
2021-08-03,27.516666666666666,
2021-08-04,27.704166666666666,
2021-08-05,28.037499999999998,
2021-08-06,28.162499999999998,
2021-08-07,28.15416666666667,
2021-08-08,28.150000000000002,
2021-08-09,28.037499999999998,
2021-08-10,28.379166666666666,
2021-08-11,28.525000000000002,
2021-08-12,28.166666666666668,
2021-08-13,27.837500000000002,
2021-08-14,27.833333333333332,
2021-08-15,28.004347826086956,
2021-08-16,27.9875,
2021-08-17,28.02916666666667,
2021-08-18,28.320833333333336,
2021-08-19,28.145833333333332,
2021-08-20,27.883333333333336,
2021-08-21,27.724999999999998,
2021-08-22,27.775000000000002,
2021-08-23,27.59166666666667,
2021-08-24,27.4875,
2021-08-25,27.645833333333332,
2021-08-26,27.708333333333332,
2021-08-27,27.508333333333336,
2021-08-28,27.333333333333332,
2021-08-29,27.304166666666664,
2021-08-30,27.150000000000002,
2021-08-31,27.170833333333334,
2021-09-01,27.129166666666666,
2021-09-02,27.087500000000002,
2021-09-03,27.145833333333332,
2021-09-04,26.991666666666664,
2021-09-05,26.579166666666666,
2021-09-06,25.866666666666664,
2021-09-07,25.829166666666666,
2021-09-08,26.087500000000002,
2021-09-09,26.070833333333336,
2021-09-10,26.224999999999998,
2021-09-11,26.40833333333333,
2021-09-12,26.308333333333334,
2021-09-13,26.025000000000002,
2021-09-14,25.662499999999998,
2021-09-15,25.175,
2021-09-16,25.083333333333332,
2021-09-17,24.96666666666667,
2021-09-18,25.34583333333333,
2021-09-19,25.329166666666666,
2021-09-20,25.020833333333332,
2021-09-21,25.099999999999998,
2021-09-22,25.541666666666668,
2021-09-23,25.391666666666666,
2021-09-24,25.391666666666666,
2021-09-25,25.270833333333332,
2021-09-26,25.095652173913045,
2021-09-27,24.866666666666664,
2021-09-28,24.7375,
2021-09-29,24.63913043478261,
2021-09-30,24.770833333333332,
2021-10-01,24.96666666666667,
2021-10-02,24.96666666666667,
2021-10-03,24.920833333333334,
2021-10-04,24.995833333333334,
2021-10-05,25.179166666666664,
2021-10-06,25.05652173913044,
2021-10-07,24.983333333333334,
2021-10-08,24.825,
2021-10-09,24.883333333333336,
2021-10-10,24.78333333333333,
2021-10-11,24.375,
2021-10-12,24.208333333333332,
2021-10-13,24.129166666666666,
2021-10-14,24.191666666666666,
2021-10-15,23.891666666666666,
2021-10-16,23.287499999999998,
2021-10-17,22.7,
2021-10-18,22.575000000000003,
2021-10-19,22.125,
2021-10-20,21.508333333333336,
2021-10-21,21.291666666666668,
2021-10-22,21.208333333333332,
2021-10-23,20.641666666666666,
2021-10-24,20.724999999999998,
2021-10-25,20.675,
2021-10-26,20.4875,
2021-10-27,20.245833333333334,
2021-10-28,20.05,
2021-10-29,20.03333333333333,
2021-10-30,20.341666666666665,
2021-10-31,20.341666666666665,
2021-11-01,19.95,
2021-11-02,19.670833333333334,
2021-11-03,19.504166666666666,
2021-11-04,19.474999999999998,
2021-11-05,19.752173913043478,
2021-11-06,19.786956521739132,
2021-11-07,19.462500000000002,
2021-11-08,18.883333333333333,
2021-11-09,18.525000000000002,
2021-11-10,18.408333333333335,
2021-11-11,18.145833333333332,
2021-11-12,17.621739130434783,
2021-11-13,17.279166666666665,
2021-11-14,17.204166666666666,
2021-11-15,17.037499999999998,
2021-11-16,17.0,
2021-11-17,17.2625,
2021-11-18,17.308695652173913,
2021-11-19,17.279166666666665,
2021-11-20,17.087500000000002,
2021-11-21,17.008333333333333,
2021-11-22,16.716666666666665,
2021-11-23,16.479166666666668,
2021-11-24,16.229166666666668,
2021-11-25,16.0,
2021-11-26,15.916666666666666,
2021-11-27,15.920833333333334,
2021-11-28,15.875,
2021-11-29,15.833333333333334,
2021-11-30,15.545833333333334,
2021-12-01,15.270833333333334,
2021-12-02,15.130434782608695,
2021-12-03,14.991666666666667,
2021-12-04,14.987499999999999,
2021-12-05,14.950000000000001,
2021-12-06,14.979166666666666,
2021-12-07,14.783333333333333,
2021-12-08,14.704166666666666,
2021-12-09,14.666666666666666,
2021-12-10,14.6,
2021-12-11,14.533333333333333,
2021-12-12,14.354166666666666,
2021-12-13,14.179166666666667,
2021-12-14,14.0375,
2021-12-15,14.054166666666667,
2021-12-16,14.020833333333334,
2021-12-17,13.854166666666666,
2021-12-18,13.5,
2021-12-19,13.391666666666667,
2021-12-20,13.329166666666666,
2021-12-21,13.299999999999999,
2021-12-22,13.220833333333333,
2021-12-23,13.075000000000001,
2021-12-24,12.929166666666667,
2021-12-25,12.658333333333333,
2021-12-26,12.362499999999999,
2021-12-27,12.116666666666667,
2021-12-28,12.136363636363637,
2021-12-29,12.104166666666666,
2021-12-30,11.879166666666668,
2021-12-31,11.795833333333334,
2022-01-01,11.799999999999999,
2022-01-02,11.645833333333334,
2022-01-03,11.645833333333334,
2022-01-04,11.6,
2022-01-05,11.579166666666666,
2022-01-06,11.520833333333334,
2022-01-07,11.454166666666666,
2022-01-08,11.479166666666666,
2022-01-09,11.479166666666666,
2022-01-10,11.4625,
2022-01-11,11.391666666666667,
2022-01-12,11.341666666666667,
2022-01-13,11.25,
2022-01-14,11.183333333333332,
2022-01-15,11.149999999999999,
2022-01-16,11.1,
2022-01-17,11.012500000000001,
2022-01-18,10.929166666666667,
2022-01-19,10.871428571428572,
2022-01-20,10.779166666666667,
2022-01-21,10.716666666666667,
2022-01-22,10.699999999999998,
2022-01-23,10.641666666666666,
2022-01-24,10.6,
2022-01-25,10.566666666666666,
2022-01-26,10.552173913043477,
2022-01-27,10.488235294117647,
2022-01-28,10.404166666666667,
2022-01-29,10.333333333333334,
2022-01-30,10.277777777777779,
2022-01-31,10.266666666666667,
2022-02-01,10.176190476190476,
2022-02-02,10.1375,
2022-02-03,10.1,
2022-02-04,10.066666666666666,
2022-02-05,9.9625,
2022-02-06,9.858333333333334,
2022-02-07,9.8,
2022-02-08,9.821052631578949,
2022-02-09,9.7875,
2022-02-10,9.8125,
2022-02-11,9.821739130434782,
2022-02-12,9.821739130434782,
2022-02-13,9.8,
2022-02-14,9.80952380952381,
2022-02-15,9.725,
2022-02-16,9.626086956521737,
2022-02-17,9.529166666666667,
2022-02-18,9.554166666666667,
2022-02-19,9.4375,
2022-02-20,9.3375,
2022-02-21,9.308695652173913,
2022-02-22,9.237499999999999,
2022-02-23,9.186666666666666,
2022-02-24,9.141666666666666,
2022-02-25,9.1875,
2022-02-26,9.170833333333333,
2022-02-27,9.2625,
2022-02-28,9.2125,
2022-03-01,9.225,
2022-03-02,9.2875,
2022-03-03,9.604166666666666,
2022-03-04,9.379166666666668,
2022-03-05,9.295833333333333,
2022-03-06,9.237499999999999,
2022-03-07,9.395833333333334,
2022-03-08,9.795652173913044,
2022-03-09,9.891666666666667,
2022-03-10,9.808333333333334,
2022-03-11,10.1,
2022-03-12,9.830434782608695,
2022-03-13,9.641666666666667,
2022-03-14,9.575000000000001,
2022-03-15,9.991666666666667,
2022-03-16,9.816666666666666,
2022-03-17,9.545833333333333,
2022-03-18,9.545833333333333,
2022-03-19,9.5,
2022-03-20,9.4625,
2022-03-21,9.387500000000001,
2022-03-22,9.395833333333334,
2022-03-23,9.558333333333334,
2022-03-24,9.6,
2022-03-25,9.5,
2022-03-26,9.531578947368422,
2022-03-27,9.545833333333333,
2022-03-28,9.695652173913043,
2022-03-29,9.81304347826087,
2022-03-30,9.895833333333334,
2022-03-31,9.670833333333333,
2022-04-01,9.645833333333334,
2022-04-02,9.930434782608696,
2022-04-03,10.645833333333334,
2022-04-04,11.266666666666666,
2022-04-05,10.430434782608696,
2022-04-06,10.725,
2022-04-07,11.5,
2022-04-08,11.308333333333332,
2022-04-09,10.833333333333334,
2022-04-10,10.7875,
2022-04-11,11.2125,
2022-04-12,11.608695652173912,
2022-04-13,11.262500000000001,
2022-04-14,11.358333333333334,
2022-04-15,11.370833333333335,
2022-04-16,11.504166666666668,
2022-04-17,12.1,
2022-04-18,12.516666666666666,
2022-04-19,13.030434782608696,
2022-04-20,13.058333333333332,
2022-04-21,12.479166666666666,
2022-04-22,12.379166666666668,
2022-04-23,12.504166666666668,
2022-04-24,12.841666666666667,
2022-04-25,12.862499999999999,
2022-04-26,13.017391304347825,
2022-04-27,12.983333333333334,
2022-04-28,13.195833333333333,
2022-04-29,13.0,
2022-04-30,13.354166666666666,
2022-05-01,13.299999999999999,
2022-05-02,13.591666666666667,
2022-05-03,13.65,
2022-05-04,13.762500000000001,
2022-05-05,14.191666666666668,
2022-05-06,14.920833333333334,
2022-05-07,14.495833333333332,
2022-05-08,14.845833333333333,
2022-05-09,14.708333333333334,
2022-05-10,14.933333333333332,
2022-05-11,15.154166666666667,
2022-05-12,15.1875,
2022-05-13,15.262500000000001,
2022-05-14,15.512500000000001,
2022-05-15,15.791666666666666,
2022-05-16,15.8125,
2022-05-17,16.004166666666666,
2022-05-18,16.0625,
2022-05-19,16.254166666666666,
2022-05-20,16.991666666666667,
2022-05-21,17.0625,
2022-05-22,17.337500000000002,
2022-05-23,17.95,
2022-05-24,19.245833333333334,
2022-05-25,18.933333333333334,
2022-05-26,18.333333333333332,
2022-05-27,18.125,
2022-05-28,18.345833333333335,
2022-05-29,18.26521739130435,
2022-05-30,18.412499999999998,
2022-05-31,18.583333333333332,
2022-06-01,19.07391304347826,18.633673
2022-06-02,19.3375,19.013187
2022-06-03,19.4375,19.143843
2022-06-04,19.241666666666667,18.539257
2022-06-05,18.954166666666666,18.150988
2022-06-06,19.575,19.066256
2022-06-07,19.833333333333332,19.280085
2022-06-08,19.591666666666665,19.059978
2022-06-09,19.545833333333334,19.140474
2022-06-10,19.57916666666667,19.44544
2022-06-11,20.233333333333334,19.847275
2022-06-12,20.258333333333333,20.059427
2022-06-13,20.120833333333334,19.752728
2022-06-14,19.991666666666667,19.661402
2022-06-15,20.491666666666667,20.13682
2022-06-16,20.6125,20.381899
2022-06-17,20.7,20.388384
2022-06-18,21.083333333333332,20.66892
2022-06-19,21.537499999999998,21.127037
2022-06-20,22.03333333333333,21.36984
2022-06-21,23.070833333333336,22.039778
2022-06-22,23.020833333333332,21.777325
2022-06-23,22.545833333333334,21.617466
2022-06-24,22.945833333333336,22.075727
2022-06-25,23.545833333333334,22.51742
2022-06-26,23.587500000000002,22.460001
2022-06-27,23.1125,21.58767
2022-06-28,22.595833333333335,21.126926
2022-06-29,22.558333333333334,21.29281
2022-06-30,22.758333333333336,21.603714
2022-07-01,23.133333333333336,22.076792
2022-07-02,23.829166666666666,23.000198
2022-07-03,24.691666666666666,23.992718
2022-07-04,25.452173913043477,24.847733
2022-07-05,25.900000000000002,24.91074
2022-07-06,24.941666666666666,23.704798
2022-07-07,24.912499999999998,23.958858
2022-07-08,26.133333333333336,25.269844
2022-07-09,27.270833333333332,26.115257
2022-07-10,26.066666666666666,25.680935
2022-07-11,26.5625,26.255424
2022-07-12,26.15416666666667,26.164698
2022-07-13,25.995833333333334,25.433422
2022-07-14,26.275000000000002,26.210382
2022-07-15,26.84166666666667,26.883018
2022-07-16,27.245833333333334,26.867006
2022-07-17,26.854166666666668,26.341938
2022-07-18,26.537499999999998,25.991005
2022-07-19,26.691666666666666,26.303835
2022-07-20,26.608333333333334,26.092798
2022-07-21,25.875,24.902086
2022-07-22,26.191666666666666,25.254139
2022-07-23,25.724999999999998,25.089916
2022-07-24,25.52916666666667,24.984535
2022-07-25,26.88695652173913,25.866474
2022-07-26,26.241666666666664,25.7414
2022-07-27,25.829166666666666,25.392265
2022-07-28,25.995652173913044,25.619436
2022-07-29,26.520833333333332,26.196367
2022-07-30,26.90833333333333,26.298958
2022-07-31,26.587500000000002,26.12545
2022-08-01,26.7625,26.465034
2022-08-02,27.020833333333332,26.721882
2022-08-03,27.820833333333336,27.575796
2022-08-04,28.054166666666664,27.837929
2022-08-05,28.34166666666667,28.18034
2022-08-06,28.708333333333332,28.292208
2022-08-07,28.754166666666666,28.291065
2022-08-08,28.295833333333334,27.898884
2022-08-09,28.183333333333334,27.630898
2022-08-10,28.145833333333332,27.655556
2022-08-11,28.170833333333334,27.718742
2022-08-12,28.520833333333332,28.203516
2022-08-13,28.270833333333332,28.064892
2022-08-14,28.3125,28.079685
2022-08-15,27.870833333333334,27.423529
2022-08-16,27.8125,27.557802
2022-08-17,28.025000000000002,27.503223
2022-08-18,28.254166666666666,27.87356
2022-08-19,28.058333333333334,27.701988
2022-08-20,28.020833333333332,27.650684
2022-08-21,28.104166666666668,27.642773
2022-08-22,28.0625,27.632927
2022-08-23,27.633333333333336,27.157219
2022-08-24,27.212500000000002,26.699087
2022-08-25,27.141666666666666,26.572468
2022-08-26,27.21666666666667,26.598959
2022-08-27,26.7625,26.08942
2022-08-28,26.433333333333334,25.811626
2022-08-29,26.2,25.581081
2022-08-30,25.94347826086957,25.46667
2022-08-31,25.758333333333336,25.244797
2022-09-01,25.61304347826087,25.029913
2022-09-02,25.691666666666666,24.930351
2022-09-03,25.520833333333332,24.807177
2022-09-04,25.343478260869563,24.735556
2022-09-05,22.045833333333334,23.641842
2022-09-06,20.337500000000002,23.132874
2022-09-07,20.408333333333335,23.55802
2022-09-08,22.1375,23.265455
2022-09-09,22.2375,23.334818
2022-09-10,23.15416666666667,23.478064
2022-09-11,22.566666666666666,23.032099
2022-09-12,21.974999999999998,22.948164
2022-09-13,21.808333333333334,22.78352
2022-09-14,22.0,22.687635
2022-09-15,22.054166666666664,22.66571
2022-09-16,22.791666666666668,22.907715
2022-09-17,23.441666666666666,23.17811
2022-09-18,22.925,22.954565
2022-09-19,21.525000000000002,22.395159
2022-09-20,20.974999999999998,22.074135
2022-09-21,21.2,22.173447
2022-09-22,21.083333333333332,22.03866
2022-09-23,20.979166666666668,21.86213
2022-09-24,20.958333333333332,21.748663
2022-09-25,20.96086956521739,21.749218
2022-09-26,21.133333333333333,21.683659
2022-09-27,21.17391304347826,21.624977
2022-09-28,21.091666666666665,21.57009
2022-09-29,21.474999999999998,21.72504
2022-09-30,21.870833333333334,21.761284
2022-10-01,21.666666666666668,21.578959
2022-10-02,21.474999999999998,21.582813
2022-10-03,21.47083333333333,21.668198
2022-10-04,20.9375,21.243404
2022-10-05,20.520833333333332,21.070747
2022-10-06,20.233333333333334,20.978258
2022-10-07,20.016666666666666,20.803703
2022-10-08,20.220833333333335,20.86284
2022-10-09,19.845833333333335,20.648966
2022-10-10,19.366666666666667,20.216934
2022-10-11,19.2,19.988413
2022-10-12,19.283333333333335,19.91135
2022-10-13,19.383333333333333,19.938494
2022-10-14,19.270833333333332,19.973267
2022-10-15,19.150000000000002,19.962942
2022-10-16,19.120833333333334,19.908754
2022-10-17,18.8,19.587936
2022-10-18,18.691666666666666,19.4558
2022-10-19,18.945833333333333,19.41397
2022-10-20,19.116666666666667,19.408998
2022-10-21,18.929166666666667,19.382675
2022-10-22,19.220833333333335,19.537704
2022-10-23,18.708333333333332,19.223036
2022-10-24,18.48333333333333,19.008507
2022-10-25,18.2375,18.876734
2022-10-26,18.108333333333334,18.820015
2022-10-27,18.083333333333332,18.769281
2022-10-28,18.116666666666667,18.659317
2022-10-29,18.0625,18.608398
2022-10-30,18.083333333333332,18.604824
2022-10-31,18.295833333333334,18.58732
2022-11-01,17.89166666666667,18.454222
2022-11-02,17.6625,18.34294
2022-11-03,17.517391304347825,18.269434
2022-11-04,17.333333333333332,18.106705
2022-11-05,17.379166666666666,17.978424
2022-11-06,17.670833333333334,17.94709
2022-11-07,17.679166666666667,17.865854
2022-11-08,17.679166666666667,17.868612
2022-11-09,17.6,17.772835
2022-11-10,17.541666666666668,17.76805
2022-11-11,17.404166666666665,17.720459
2022-11-12,17.458333333333332,17.668383
2022-11-13,17.087500000000002,17.512764
2022-11-14,17.016666666666666,17.345562
2022-11-15,17.245833333333334,17.261707
2022-11-16,17.158333333333335,17.185492
2022-11-17,17.07916666666667,17.110775
2022-11-18,17.066666666666666,17.062637
2022-11-19,17.070833333333336,17.033873
2022-11-20,17.017391304347825,17.01727
2022-11-21,17.0,17.005018
2022-11-22,16.7625,16.984177
2022-11-23,16.716666666666665,16.92629
2022-11-24,16.708333333333332,16.94126
2022-11-25,16.6,16.903822
2022-11-26,16.070833333333333,16.786451
2022-11-27,16.145833333333332,16.732931
2022-11-28,16.2,16.701931
2022-11-29,15.679166666666667,16.515455
2022-11-30,15.383333333333333,16.257982
2022-12-01,15.174999999999999,16.106445
2022-12-02,14.679166666666667,16.030582
2022-12-03,14.466666666666667,15.980545
2022-12-04,14.229166666666666,15.856058
2022-12-05,14.208333333333334,15.738368
2022-12-06,14.254166666666668,15.634275
2022-12-07,13.658333333333333,15.534897
2022-12-08,13.5,15.496145
2022-12-09,13.866666666666667,15.408283
2022-12-10,13.924999999999999,15.322439
2022-12-11,13.795833333333334,15.263016
2022-12-12,13.683333333333332,15.186188
2022-12-13,13.25,15.046444
2022-12-14,12.670833333333333,14.865785
2022-12-15,12.758333333333333,14.782781
2022-12-16,12.612499999999999,14.645165
2022-12-17,11.924999999999999,14.484725
2022-12-18,11.341666666666667,14.3047285
2022-12-19,11.225,14.193553
2022-12-20,11.368181818181817,14.122373
2022-12-21,11.320833333333333,14.018264
2022-12-22,11.095833333333333,13.851559
2022-12-23,10.987499999999999,13.657526
2022-12-24,11.075000000000001,13.430049
2022-12-25,10.887500000000001,13.28515
2022-12-26,10.933333333333332,13.195406
2022-12-27,10.950000000000001,13.115179
2022-12-28,10.8125,13.030231
2022-12-29,10.679166666666667,12.918122
2022-12-30,10.6375,12.820168
2022-12-31,10.9125,12.758773
2023-01-01,11.145833333333334,12.66376
2023-01-02,11.141666666666666,12.5378895
2023-01-03,10.729166666666666,12.444417
2023-01-04,11.087499999999999,12.370583
2023-01-05,11.125,12.338837
2023-01-06,10.916666666666666,12.313645
2023-01-07,10.525,12.293171
2023-01-08,10.783333333333333,12.129715
2023-01-09,10.799999999999999,12.084098
2023-01-10,10.670833333333333,11.9029
2023-01-11,10.75,11.794337
2023-01-12,10.737499999999999,11.72124
2023-01-13,10.766666666666666,11.725851
2023-01-14,10.579166666666667,11.725272
2023-01-15,10.525,11.606408
2023-01-16,10.487499999999999,11.450337
2023-01-17,10.433333333333334,11.36255
2023-01-18,10.368181818181819,11.303638
2023-01-19,10.3375,11.247643
2023-01-20,10.245833333333334,11.1952095
2023-01-21,10.183333333333334,11.15637
2023-01-22,10.133333333333333,11.10018
2023-01-23,10.045833333333333,11.087537
2023-01-24,9.683333333333334,10.999391
2023-01-25,9.779166666666667,10.967277
2023-01-26,9.679166666666665,10.887698
2023-01-27,9.5625,10.79116
2023-01-28,9.4625,10.711954
2023-01-29,9.408333333333333,10.669671
2023-01-30,9.475,10.680717
2023-01-31,9.416666666666666,10.665894
2023-02-01,9.3,10.606291
2023-02-02,9.241666666666667,10.535152
2023-02-03,9.245833333333332,10.481788
2023-02-04,9.208333333333334,10.476879
2023-02-05,9.341666666666667,10.54375
2023-02-06,9.183333333333334,10.534253
2023-02-07,9.1625,10.5492
2023-02-08,9.045833333333333,10.488338
2023-02-09,8.970833333333333,10.332578
2023-02-10,9.095833333333333,10.261975
2023-02-11,9.041666666666666,10.165921
2023-02-12,9.066666666666666,10.193161
2023-02-13,9.0625,10.281878
2023-02-14,9.020833333333334,10.253509
2023-02-15,8.933333333333334,10.151493
2023-02-16,9.1,10.153867
2023-02-17,8.995833333333334,10.127232
2023-02-18,8.929166666666667,10.109548
2023-02-19,8.966666666666667,10.069483
2023-02-20,8.9625,9.995125
2023-02-21,8.879166666666668,9.927642
2023-02-22,8.845833333333333,10.008717
2023-02-23,9.012500000000001,10.105905
2023-02-24,8.966666666666667,10.01372
2023-02-25,8.987499999999999,9.947836
2023-02-26,9.041666666666666,9.964628
2023-02-27,9.3375,10.110675
2023-02-28,8.858333333333334,9.988417
2023-03-01,8.870833333333334,9.92756
2023-03-02,8.825000000000001,9.812208
2023-03-03,8.870833333333334,9.79481
2023-03-04,9.108333333333333,9.879498
2023-03-05,9.504347826086956,9.922794
2023-03-06,9.154166666666667,9.830414
2023-03-07,9.0875,9.8751
2023-03-08,9.283333333333333,9.846145
2023-03-09,9.343478260869565,9.9342
2023-03-10,9.404347826086957,9.965502
2023-03-11,9.491304347826087,10.026837
2023-03-12,9.070833333333333,9.847117
2023-03-13,9.133333333333333,9.887274
2023-03-14,9.091666666666667,10.0095005
2023-03-15,8.995833333333334,10.092561
2023-03-16,8.775,9.947474
2023-03-17,8.804166666666667,9.864459
2023-03-18,8.765217391304347,9.890004
2023-03-19,9.704166666666667,10.237721
2023-03-20,9.495833333333334,10.2008705
2023-03-21,9.378260869565219,10.218376
2023-03-22,9.220833333333333,10.125667
2023-03-23,8.929166666666667,9.96122
2023-03-24,8.829166666666667,9.831748
2023-03-25,8.933333333333334,9.860373
2023-03-26,8.9125,9.802736
2023-03-27,9.2125,9.968372
2023-03-28,9.416666666666666,10.0318165
2023-03-29,10.358333333333333,10.377709
2023-03-30,10.354166666666666,10.480036
2023-03-31,10.733333333333334,10.59839
2023-04-01,10.987499999999999,11.013659
2023-04-02,11.416666666666666,11.497365
2023-04-03,10.616666666666665,10.858755
2023-04-04,10.008333333333333,10.690228
2023-04-05,10.012500000000001,10.706475
2023-04-06,10.049999999999999,10.7822075
2023-04-07,10.016666666666667,10.73576
2023-04-08,10.066666666666666,10.745639
2023-04-09,10.295833333333333,10.94529
2023-04-10,10.233333333333333,11.05817
2023-04-11,10.320833333333335,11.166552
2023-04-12,11.174999999999999,11.515402
2023-04-13,10.954166666666666,11.580851
2023-04-14,10.799999999999999,11.572285
2023-04-15,11.0,11.833466
2023-04-16,11.691304347826087,12.386182
2023-04-17,,11.991246
2023-04-18,,12.267718
2023-04-19,,12.301822
2023-04-20,11.992857142857144,12.468128
2023-04-21,11.029166666666667,11.576114
2023-04-22,11.708333333333334,12.254167
2023-04-23,11.366666666666667,12.277667
2023-04-24,11.75,12.794002
2023-04-25,11.512500000000001,12.685208
2023-04-26,11.429166666666667,12.629753
2023-04-27,11.762500000000001,12.915411
2023-04-28,11.995833333333332,13.030801
2023-04-29,11.916666666666666,12.9144745
2023-04-30,12.0875,13.04714
2023-05-01,12.770833333333334,13.343923
2023-05-02,12.858333333333334,13.377921
2023-05-03,12.854166666666666,13.360727
2023-05-04,12.699999999999998,13.307959
2023-05-05,12.895833333333334,13.403564
2023-05-06,12.829166666666667,13.485241
2023-05-07,12.7125,13.434686
2023-05-08,13.070833333333333,13.779395
2023-05-09,14.012500000000001,14.115558
2023-05-10,14.424999999999999,14.31629
2023-05-11,14.9,14.516513
2023-05-12,14.708333333333334,14.558076
2023-05-13,15.304166666666667,15.055361
2023-05-14,15.591666666666667,15.316894
2023-05-15,15.516666666666666,15.585885
2023-05-16,15.700000000000001,15.516162
2023-05-17,15.25,15.330294
2023-05-18,15.179166666666667,15.344044
2023-05-19,15.4625,15.615455
2023-05-20,15.591666666666667,15.701719
2023-05-21,16.0,16.1751
2023-05-22,16.083333333333332,15.964549
2023-05-23,16.554166666666667,16.299942
2023-05-24,16.729166666666668,16.234724
2023-05-25,17.099999999999998,16.499657
2023-05-26,17.091666666666665,16.597807
2023-05-27,16.854166666666668,16.21625
2023-05-28,16.9375,16.601063
2023-05-29,17.116666666666667,17.239008
2023-05-30,17.6875,17.444954
2023-05-31,18.541666666666668,18.082392
2023-06-01,18.43913043478261,18.315601
2023-06-02,18.695833333333333,18.415882
2023-06-03,19.091666666666665,18.401546
2023-06-04,19.329166666666666,18.69487
2023-06-05,19.491666666666667,18.926102
2023-06-06,19.912499999999998,19.33371
2023-06-07,19.179166666666667,19.016022
2023-06-08,19.029166666666665,19.04038
2023-06-09,19.283333333333335,19.239418
2023-06-10,18.8,19.158321
2023-06-11,19.891666666666666,20.032007
2023-06-12,20.3125,20.199484
2023-06-13,20.833333333333332,20.643698
2023-06-14,21.95,21.266481
2023-06-15,22.8125,21.796936
2023-06-16,22.166666666666668,21.55882
2023-06-17,22.141666666666666,21.768524
2023-06-18,22.995833333333334,22.309072
2023-06-19,22.620833333333334,22.183681
2023-06-20,21.358333333333334,21.54134
2023-06-21,21.025000000000002,21.339743
2023-06-22,22.141666666666666,21.915352
2023-06-23,22.650000000000002,22.46289
2023-06-24,21.7,22.200256
2023-06-25,21.4875,21.690113
2023-06-26,21.504166666666666,21.510145
2023-06-27,22.329166666666666,22.012903
2023-06-28,22.679166666666664,22.248802
2023-06-29,22.474999999999998,22.223385
2023-06-30,23.079166666666666,22.860239
2023-07-01,23.65416666666667,23.64239
2023-07-02,23.266666666666666,23.502205
2023-07-03,23.679166666666664,24.064386
2023-07-04,23.237499999999997,23.594608
2023-07-05,23.45,23.49874
2023-07-06,23.570833333333336,23.526058
2023-07-07,23.650000000000002,23.57435
2023-07-08,24.041666666666668,24.194143
2023-07-09,24.441666666666666,24.302208
2023-07-10,24.52916666666667,24.599817
2023-07-11,24.5,24.613188
2023-07-12,25.333333333333332,25.360685
2023-07-13,24.78333333333333,24.677074
2023-07-14,24.608333333333334,24.60954
2023-07-15,24.575000000000003,24.543552
2023-07-16,24.7625,24.778318
2023-07-17,25.15416666666667,25.131973
2023-07-18,25.075,25.022615
2023-07-19,25.420833333333334,25.317278
2023-07-20,26.020833333333332,26.016665
2023-07-21,25.558333333333334,25.59927
2023-07-22,25.454166666666666,25.415154
2023-07-23,25.53333333333333,25.539827
2023-07-24,25.945833333333336,26.059515
2023-07-25,26.129166666666666,26.2683
2023-07-26,26.6375,26.667326
2023-07-27,26.929166666666664,26.944334
2023-07-28,26.866666666666664,27.007517
2023-07-29,27.008333333333336,26.95991
2023-07-30,27.3125,27.112753
2023-07-31,27.775000000000002,27.588175
2023-08-01,28.09583333333333,28.010515
2023-08-02,28.741666666666664,28.533728
2023-08-03,28.929166666666664,28.664906
2023-08-04,29.191666666666666,28.776377
2023-08-05,30.108333333333334,29.196585
2023-08-06,29.708333333333332,29.01123
2023-08-07,29.570833333333336,28.676445
2023-08-08,29.895833333333332,28.783998
2023-08-09,29.474999999999998,28.071358
2023-08-10,28.92916666666667,27.26251
2023-08-11,28.474999999999998,26.992903
2023-08-12,28.525000000000002,27.38154
2023-08-13,28.570833333333336,27.640373
2023-08-14,29.02916666666667,28.139917
2023-08-15,29.429166666666664,28.510843
2023-08-16,29.2375,28.756618
2023-08-17,28.96666666666667,28.676397
2023-08-18,29.745833333333334,28.988693
2023-08-19,29.95,29.103773
2023-08-20,29.349999999999998,28.857779
2023-08-21,29.108333333333334,28.34091
2023-08-22,28.34166666666667,28.16683
2023-08-23,28.191666666666666,28.038074
2023-08-24,28.287499999999998,28.079351
2023-08-25,28.09130434782609,28.211554
2023-08-26,28.087500000000002,28.166634
2023-08-27,27.8125,27.889322
2023-08-28,27.78333333333333,27.414581
2023-08-29,27.09166666666667,27.192497
2023-08-30,26.912499999999998,26.966959
2023-08-31,26.770833333333332,26.77721
2023-09-01,26.583333333333332,26.634844
2023-09-02,26.0625,26.521235
2023-09-03,26.212500000000002,26.684107
2023-09-04,26.425,26.64038
2023-09-05,26.662499999999998,26.763165
2023-09-06,26.912499999999998,26.813225
2023-09-07,27.400000000000002,27.260807
2023-09-08,27.358333333333334,27.17765
2023-09-09,27.504166666666666,27.2757
2023-09-10,27.3875,27.207155
2023-09-11,27.583333333333332,27.32144
2023-09-12,27.304166666666664,27.221388
2023-09-13,26.900000000000002,26.75602
2023-09-14,26.537499999999998,26.44497
2023-09-15,26.400000000000002,26.365938
2023-09-16,26.150000000000002,26.226284
2023-09-17,26.4875,26.578568
2023-09-18,26.895833333333332,26.644043
2023-09-19,26.658333333333335,26.55571
2023-09-20,25.71666666666667,25.77882
2023-09-21,25.045833333333334,25.159515
2023-09-22,24.8875,24.903337
2023-09-23,24.8125,24.789062
2023-09-24,24.7625,24.69829
2023-09-25,24.683333333333334,24.632212
2023-09-26,24.645833333333332,24.630747
2023-09-27,24.608333333333334,24.685265
2023-09-28,24.787499999999998,24.726662
2023-09-29,24.545833333333334,24.587578
2023-09-30,24.604166666666668,24.53297
2023-10-01,24.22608695652174,24.213732
2023-10-02,24.108333333333334,24.06545
2023-10-03,23.847826086956523,23.933918
2023-10-04,23.820833333333336,23.838049
2023-10-05,23.2,23.349186
2023-10-06,22.770833333333332,23.090837
2023-10-07,22.616666666666664,22.962973
2023-10-08,22.462500000000002,22.821428
2023-10-09,22.52916666666667,22.735735
2023-10-10,22.445833333333336,22.570799
2023-10-11,22.5,22.622774
2023-10-12,,22.54383
2023-10-13,,22.487879
2023-10-14,,22.297897
2023-10-15,,22.145094
2023-10-16,,21.942326
2023-10-17,,21.822998
2023-10-18,,21.741045
2023-10-19,,21.61018
2023-10-20,,21.343262
2023-10-21,,21.167118
2023-10-22,,21.088322
2023-10-23,,21.028006
2023-10-24,,20.965122
2023-10-25,,21.057417
2023-10-26,,20.940535
2023-10-27,,20.706573
2023-10-28,,20.683764
2023-10-29,,20.715792
2023-10-30,,20.625582
2023-10-31,,20.503782
2023-11-01,,20.4299
2023-11-02,,20.410765
2023-11-03,,20.468676
2023-11-04,,20.372074
2023-11-05,,20.412172
2023-11-06,,20.11491
2023-11-07,,19.916428
2023-11-08,,19.866577
2023-11-09,,19.789158
2023-11-10,,19.411047
2023-11-11,,19.148504
2023-11-12,,18.874414
2023-11-13,,18.613329
2023-11-14,,18.492897
2023-11-15,,18.416986
2023-11-16,,18.18471
2023-11-17,,17.816746
2023-11-18,,17.458773
2023-11-19,,17.286737
2023-11-20,,17.117857
2023-11-21,,16.984123
2023-11-22,,16.86617
2023-11-23,,16.654608
2023-11-24,,16.286087
2023-11-25,15.3,15.985258
2023-11-26,15.308333333333335,15.787058
2023-11-27,15.058333333333332,15.597774
2023-11-28,14.9,15.364844
2023-11-29,14.841666666666667,15.18826
2023-11-30,14.445833333333333,15.049204
2023-12-01,13.933333333333332,14.887991
2023-12-02,13.833333333333334,14.720091
2023-12-03,13.808333333333335,14.578265
2023-12-04,13.770833333333334,14.445225
2023-12-05,13.791666666666666,14.358018
2023-12-06,13.541666666666666,14.265564
2023-12-07,13.629166666666668,14.198537
2023-12-08,14.158333333333333,14.180292
2023-12-09,14.204166666666666,14.2644205
2023-12-10,13.979166666666666,14.108829
2023-12-11,13.433333333333335,14.055778
2023-12-12,13.387500000000001,13.98522
2023-12-13,13.5375,14.177004
2023-12-14,13.200000000000001,14.290604
2023-12-15,13.225,14.197667
2023-12-16,12.887500000000001,14.078711
2023-12-17,13.316666666666665,14.280039
2023-12-18,13.941666666666668,14.441515
2023-12-19,13.9,14.2150345
2023-12-20,13.649999999999999,13.906091
2023-12-21,12.904166666666667,13.868
2023-12-22,12.283333333333333,13.746607
2023-12-23,12.316666666666668,13.625574
2023-12-24,12.354166666666666,13.386233
2023-12-25,12.195833333333333,13.212574
2023-12-26,12.283333333333333,13.113372
2023-12-27,11.845833333333333,13.001085
2023-12-28,11.604166666666666,12.852932
2023-12-29,11.566666666666668,12.679828
2023-12-30,11.495833333333332,12.55928
2023-12-31,11.933333333333332,12.368917
2024-01-01,11.683333333333332,12.046781
2024-01-02,11.875,11.824632
2024-01-03,11.129166666666668,11.787099
2024-01-04,11.304166666666667,11.883885
2024-01-05,11.424999999999999,11.691538
2024-01-06,11.579166666666666,11.683226
2024-01-07,11.520833333333334,11.534908
2024-01-08,11.029166666666667,11.523433
2024-01-09,11.191666666666668,11.826859
2024-01-10,11.208333333333334,11.682789
2024-01-11,11.025,11.913248
2024-01-12,11.170833333333334,11.898593
2024-01-13,11.195833333333333,12.149587
2024-01-14,11.095833333333333,12.309701
2024-01-15,11.041666666666666,12.448961
2024-01-16,11.083333333333334,12.9986925
2024-01-17,10.983333333333334,13.048074
2024-01-18,11.095833333333333,13.094353
2024-01-19,11.541666666666666,13.549268
2024-01-20,11.674999999999999,13.664996
2024-01-21,11.6625,13.43277
2024-01-22,11.2125,13.032625
2024-01-23,11.112499999999999,12.820826
2024-01-24,11.004166666666668,12.80372
2024-01-25,10.941666666666668,12.819865
2024-01-26,10.912500000000001,12.718875
2024-01-27,10.9,12.650683
2024-01-28,10.791666666666666,12.541538
2024-01-29,10.4875,12.544516
2024-01-30,10.420833333333334,12.447143
2024-01-31,10.545833333333333,12.336469
2024-02-01,10.254166666666666,12.200531
2024-02-02,10.220833333333333,12.256219
2024-02-03,10.170833333333333,12.252997
2024-02-04,10.270833333333334,12.29221
2024-02-05,10.120833333333332,12.2582
2024-02-06,10.170833333333333,12.192788
2024-02-07,10.154166666666667,12.137018
2024-02-08,10.158333333333333,12.254607
2024-02-09,10.066666666666666,12.336536
2024-02-10,9.958333333333334,12.402846
2024-02-11,9.970833333333333,12.3889
2024-02-12,10.016666666666667,12.507209
2024-02-13,9.979166666666666,12.542949
2024-02-14,10.125,12.600119
2024-02-15,10.154166666666667,12.404025
2024-02-16,10.716666666666667,12.443132
2024-02-17,10.566666666666666,12.34472
2024-02-18,10.633333333333333,12.2443075
2024-02-19,10.529166666666667,12.024299
2024-02-20,10.495833333333334,11.975476
2024-02-21,10.820833333333333,12.069905
2024-02-22,10.870833333333335,12.022535
2024-02-23,10.8375,11.924601
2024-02-24,10.945833333333333,11.82119
2024-02-25,10.9,11.727919
2024-02-26,10.941666666666668,11.66304
2024-02-27,11.095833333333333,11.753741
2024-02-28,11.020833333333334,11.727629
2024-02-29,11.033333333333333,11.870172
2024-03-01,11.008333333333333,11.885846
2024-03-02,11.008333333333333,11.988086
2024-03-03,10.987499999999999,11.869654
2024-03-04,10.975,11.822273
2024-03-05,11.416666666666666,11.837945
2024-03-06,11.145833333333334,11.735314
2024-03-07,10.891666666666666,11.588606
2024-03-08,10.820833333333333,11.500609
2024-03-09,10.845833333333333,11.442538
2024-03-10,10.9625,11.47843
2024-03-11,10.829166666666666,11.423234
2024-03-12,10.579166666666667,11.371092
2024-03-13,10.654166666666667,11.412963
2024-03-14,10.579166666666667,11.470401
2024-03-15,10.975,11.63977
2024-03-16,10.804166666666667,11.458325
2024-03-17,10.520833333333334,11.337576
2024-03-18,10.704166666666666,11.468541
2024-03-19,10.520833333333334,11.329031
2024-03-20,10.512500000000001,11.256156
2024-03-21,10.720833333333333,11.3458
2024-03-22,10.641666666666666,11.335825
2024-03-23,10.7125,11.381251
2024-03-24,10.75,11.479889
2024-03-25,10.604166666666666,11.449254
2024-03-26,10.5375,11.336735
2024-03-27,10.6,11.42676
2024-03-28,10.608333333333333,11.494629
2024-03-29,10.570833333333333,11.636086
2024-03-30,10.658333333333333,11.7593775
2024-03-31,10.665217391304349,11.766054
2024-04-01,11.1625,12.089189
2024-04-02,11.0875,12.040338
2024-04-03,10.720833333333333,11.961237
2024-04-04,10.633333333333333,11.923265
2024-04-05,11.091666666666667,12.160535
2024-04-06,11.658333333333333,12.241042
2024-04-07,12.245833333333332,12.643579
2024-04-08,11.704166666666666,12.312625
2024-04-09,11.341666666666667,12.244228
2024-04-10,11.604166666666666,12.534131
2024-04-11,12.058333333333332,12.94311
2024-04-12,12.678260869565218,13.36774
2024-04-13,13.483333333333334,13.811225
2024-04-14,12.729166666666666,13.493207
2024-04-15,12.6875,13.341639
2024-04-16,12.9375,13.474225
2024-04-17,13.170833333333334,13.667587
2024-04-18,13.533333333333333,13.847619
2024-04-19,14.004166666666668,14.099293
2024-04-20,13.004166666666668,13.80694
2024-04-21,12.983333333333334,14.131379
2024-04-22,13.816666666666668,14.844128
2024-04-23,13.5875,14.509427
2024-04-24,13.008333333333333,14.329836
2024-04-25,13.741666666666667,14.660306
2024-04-26,14.725,15.017749
2024-04-27,14.920833333333334,15.252106
2024-04-28,14.866666666666667,15.292263
2024-04-29,14.35,15.168035
2024-04-30,13.695833333333333,14.708226
2024-05-01,13.737499999999999,14.769338
2024-05-02,15.6625,15.701262
2024-05-03,15.133333333333333,15.778685
2024-05-04,14.966666666666667,15.671202
2024-05-05,14.795833333333334,15.576257
2024-05-06,14.5625,15.425091
2024-05-07,14.587499999999999,15.281739
2024-05-08,14.879166666666668,15.309685
2024-05-09,15.095833333333333,15.53576
2024-05-10,15.145833333333334,15.562394
2024-05-11,15.154166666666667,15.625116
2024-05-12,15.266666666666666,15.783923
2024-05-13,16.220833333333335,16.302979
2024-05-14,16.166666666666668,16.301928
2024-05-15,15.408333333333333,15.875508
2024-05-16,15.483333333333334,15.879498
2024-05-17,15.816666666666668,16.040377
2024-05-18,16.158333333333335,16.22244
2024-05-19,17.070833333333333,16.715908
2024-05-20,17.925,17.619038
2024-05-21,17.720833333333335,17.491467
2024-05-22,17.729166666666668,17.81443
2024-05-23,18.220833333333335,18.700367
2024-05-24,18.295833333333334,18.92212
2024-05-25,18.025000000000002,18.522533
2024-05-26,17.658333333333335,18.07795
2024-05-27,17.712500000000002,18.259306
2024-05-28,17.458333333333332,18.11747
2024-05-29,18.25,18.872234
2024-05-30,18.0625,18.74368
2024-05-31,18.554166666666667,18.997807
2024-06-01,18.29583333333333,18.868464
2024-06-02,19.11304347826087,19.507809
2024-06-03,19.208333333333332,19.622145
2024-06-04,21.0,20.4079
2024-06-05,19.954166666666666,20.245003
2024-06-06,20.133333333333333,20.540539
2024-06-07,19.773913043478263,20.36128
2024-06-08,20.869565217391305,21.395884
2024-06-09,20.983333333333334,21.549828
2024-06-10,20.866666666666667,21.342436
2024-06-11,21.308333333333334,21.5152
2024-06-12,21.678260869565218,21.866367
2024-06-13,22.652173913043477,22.738892
2024-06-14,22.40833333333333,22.69656
2024-06-15,23.245833333333334,23.316309
2024-06-16,23.45,23.512455
2024-06-17,23.34166666666667,23.567133
2024-06-18,23.58181818181818,23.871597
2024-06-19,23.569565217391304,23.694786
2024-06-20,22.47826086956522,22.29221
2024-06-21,22.587500000000002,22.573542
2024-06-22,22.321739130434782,22.580463
2024-06-23,22.391304347826086,22.908056
2024-06-24,22.656521739130437,23.135216
2024-06-25,23.30454545454546,23.456306
2024-06-26,23.991666666666664,23.883522
2024-06-27,22.900000000000002,23.32342
2024-06-28,23.358333333333334,23.769247
2024-06-29,22.433333333333334,22.752575
2024-06-30,23.120833333333334,23.289412
2024-07-01,22.733333333333334,23.413074
2024-07-02,22.491666666666664,22.647074
2024-07-03,23.25,23.02791
2024-07-04,23.516666666666666,23.205791
2024-07-05,24.275000000000002,23.86878
2024-07-06,23.808333333333334,23.447525
2024-07-07,23.95,23.815884
2024-07-08,24.066666666666666,23.880709
2024-07-09,23.870833333333334,23.74536
2024-07-10,23.795833333333334,23.65955
2024-07-11,24.099999999999998,24.13514
2024-07-12,25.304166666666664,24.809393
2024-07-13,24.46666666666667,24.431551
2024-07-14,24.2625,24.75495
2024-07-15,24.65833333333333,25.070282
2024-07-16,24.758333333333336,25.078598
2024-07-17,24.637500000000003,24.443272
2024-07-18,24.65416666666667,24.076864
2024-07-19,24.775000000000002,24.414558
2024-07-20,24.96666666666667,24.441996
2024-07-21,25.087500000000002,24.757761
2024-07-22,25.025000000000002,24.682514
2024-07-23,24.991666666666664,24.747917
2024-07-24,25.412499999999998,25.223936
2024-07-25,25.795833333333334,25.479641
2024-07-26,25.754166666666666,25.658276
2024-07-27,25.775000000000002,25.483324
2024-07-28,26.133333333333336,25.23547
2024-07-29,26.125,25.41436
2024-07-30,26.287499999999998,25.82864
2024-07-31,26.474999999999998,26.014982
2024-08-01,26.7625,26.609495
2024-08-02,28.145833333333332,27.824001
2024-08-03,28.454166666666666,28.407112
2024-08-04,28.875,28.707958
2024-08-05,28.90833333333333,28.716576
2024-08-06,28.683333333333334,28.771149
2024-08-07,29.28333333333333,29.48548
2024-08-08,29.02916666666667,29.518951
2024-08-09,29.491666666666664,30.035059
2024-08-10,29.02916666666667,29.390516
2024-08-11,28.733333333333334,28.877401
2024-08-12,29.162499999999998,29.089293
2024-08-13,29.358333333333334,29.422651
2024-08-14,29.53333333333333,29.605995
2024-08-15,30.041666666666668,30.127941
2024-08-16,29.791666666666668,30.122623
2024-08-17,30.008333333333336,30.322744
2024-08-18,30.129166666666666,30.229383
2024-08-19,29.847826086956523,29.983156
2024-08-20,29.912499999999998,30.013882
2024-08-21,29.65416666666667,29.539762
2024-08-22,29.316666666666666,29.170237
2024-08-23,29.52916666666667,29.494383
2024-08-24,29.72083333333333,29.826134
2024-08-25,30.104166666666668,30.058517
2024-08-26,30.34583333333333,30.269888
2024-08-27,29.570833333333336,29.581278
2024-08-28,29.40833333333333,29.457392
2024-08-29,29.333333333333332,29.306349
2024-08-30,29.191666666666666,29.08791
2024-08-31,29.175,29.065973
2024-09-01,29.587500000000002,29.400414
2024-09-02,29.004166666666666,28.938932
2024-09-03,29.016666666666666,29.114887
2024-09-04,28.8875,28.794287
2024-09-05,28.895833333333332,28.866808
2024-09-06,28.804166666666664,28.801413
2024-09-07,28.808333333333334,28.742441
2024-09-08,28.866666666666664,28.701252
2024-09-09,29.070833333333336,28.817951
2024-09-10,28.979166666666668,28.761385
2024-09-11,29.05,28.692387
2024-09-12,28.745833333333334,28.599974
2024-09-13,28.791666666666668,28.805153
2024-09-14,29.412499999999998,29.279633
2024-09-15,29.175,28.881922
2024-09-16,29.066666666666666,28.8772
2024-09-17,29.429166666666664,29.36348
2024-09-18,29.391666666666666,29.276474
2024-09-19,29.412499999999998,29.14578
2024-09-20,29.295833333333334,28.828634
2024-09-21,28.620833333333334,28.123793
2024-09-22,27.754166666666666,27.392145
2024-09-23,27.304166666666664,27.353546
2024-09-24,27.104166666666668,27.256104
2024-09-25,27.008333333333336,27.356934
2024-09-26,26.97083333333333,27.232233
2024-09-27,26.745833333333334,26.965424
2024-09-28,26.837500000000002,26.867292
2024-09-29,26.775000000000002,26.769104
2024-09-30,26.6875,26.70644
2024-10-01,26.020833333333332,26.136438
2024-10-02,25.337500000000002,25.482454
2024-10-03,25.02916666666667,25.076864
2024-10-04,24.645833333333332,24.841862
2024-10-05,24.429166666666664,24.730795
2024-10-06,24.3625,24.58928
2024-10-07,23.9875,24.42881
2024-10-08,23.662499999999998,24.18663
2024-10-09,23.5125,24.074076
2024-10-10,23.474999999999998,23.99161
2024-10-11,23.86086956521739,24.077982
2024-10-12,23.620833333333334,23.902435
2024-10-13,23.3625,23.74787
2024-10-14,23.05,23.575394
2024-10-15,22.866666666666664,23.482672
2024-10-16,22.741666666666664,23.321136
2024-10-17,22.741666666666664,23.311394
2024-10-18,22.61666666666667,23.270237
2024-10-19,22.25,22.929922
2024-10-20,22.191666666666666,22.777733
2024-10-21,22.016666666666666,22.609076
2024-10-22,21.745833333333334,22.38845
2024-10-23,21.55416666666667,22.060375
2024-10-24,21.46666666666667,21.940493
2024-10-25,21.129166666666666,21.790182
2024-10-26,21.15416666666667,21.746622
2024-10-27,20.9875,21.556122
2024-10-28,20.741666666666667,21.398186
2024-10-29,20.6125,21.267172
2024-10-30,20.595833333333335,21.183474
2024-10-31,20.566666666666666,21.130756
2024-11-01,20.3375,21.003496
2024-11-02,20.158333333333335,20.93255
2024-11-03,20.095833333333335,20.93442
2024-11-04,20.0,20.80781
2024-11-05,19.6625,20.578495
2024-11-06,19.279166666666665,20.355738
2024-11-07,19.066666666666666,20.173836
2024-11-08,18.9375,20.052649
2024-11-09,18.816666666666666,19.956352
2024-11-10,18.775000000000002,19.835701
2024-11-11,18.75,19.655693
2024-11-12,18.595833333333335,19.443548
2024-11-13,18.283333333333335,19.25548
2024-11-14,18.308695652173913,19.070303
2024-11-15,18.404166666666665,18.987988
2024-11-16,18.291666666666668,18.974535
2024-11-17,17.983333333333334,18.655931
2024-11-18,17.539130434782606,18.444828
2024-11-19,17.278260869565216,18.385315
2024-11-20,17.179166666666667,18.324495
2024-11-21,16.95,18.302454
2024-11-22,16.745833333333334,18.158453
2024-11-23,16.6125,18.090084
2024-11-24,16.445833333333333,18.091825
2024-11-25,16.354166666666668,18.18761
2024-11-26,16.175,18.00082
2024-11-27,15.512500000000001,17.670832
2024-11-28,14.987499999999999,17.365046
2024-11-29,14.641666666666666,17.097214
2024-11-30,14.637500000000001,16.986916
2024-12-01,14.545833333333334,16.898003
2024-12-02,14.383333333333333,16.776724
2024-12-03,14.270833333333334,16.589886
2024-12-04,14.333333333333334,16.405756
2024-12-05,14.241666666666667,16.256727
2024-12-06,14.133333333333333,16.11448
2024-12-07,13.958333333333334,15.911022
2024-12-08,13.816666666666668,15.71569
2024-12-09,13.658333333333333,15.501526
2024-12-10,13.604166666666666,15.388355
2024-12-11,13.433333333333332,15.24967
2024-12-12,13.299999999999999,15.084835
2024-12-13,13.1875,14.937147
2024-12-14,13.066666666666668,14.73463
2024-12-15,12.920833333333334,14.540646
2024-12-16,12.799999999999999,14.370508
2024-12-17,12.740909090909092,14.226254
2024-12-18,12.569565217391306,14.05437
2024-12-19,12.670833333333334,13.874692
2024-12-20,12.491666666666667,13.759753
2024-12-21,12.104166666666666,13.687127
2024-12-22,12.183333333333332,13.506923
2024-12-23,12.9,13.361028
2024-12-24,12.883333333333333,13.297102
2024-12-25,12.220833333333333,13.285496
2024-12-26,12.283333333333333,13.219265
2024-12-27,12.083333333333334,13.158775
2024-12-28,11.995833333333332,13.059239
2024-12-29,12.075000000000001,13.078758
2024-12-30,11.916666666666666,13.048362
2024-12-31,11.5625,12.996532
2025-01-01,11.883333333333333,13.06029
2025-01-02,11.75,13.0289755
2025-01-03,11.375,13.006396
2025-01-04,11.045833333333334,13.053763
2025-01-05,10.970833333333333,13.062356
2025-01-06,10.924999999999999,12.966921
2025-01-07,11.049999999999999,12.978636
2025-01-08,10.966666666666667,13.022015
2025-01-09,10.9375,12.849727
2025-01-10,10.879166666666668,12.824346
2025-01-11,10.8125,12.776383
2025-01-12,10.720833333333333,12.715708
2025-01-13,10.729166666666666,12.648471
2025-01-14,10.620833333333332,12.599812
2025-01-15,10.541666666666666,12.491315
2025-01-16,10.370833333333334,12.408612
2025-01-17,9.920833333333333,12.338189
2025-01-18,9.733333333333333,12.250273
2025-01-19,9.956521739130435,12.210521
2025-01-20,10.108333333333333,12.131352
2025-01-21,10.174999999999999,12.062577
2025-01-22,9.991666666666667,11.935049
2025-01-23,9.820833333333335,11.779985
2025-01-24,10.2875,11.661768
2025-01-25,10.075,11.502111
2025-01-26,9.9125,11.319803
2025-01-27,9.620833333333332,11.555167
2025-01-28,9.608333333333333,11.578641
2025-01-29,9.641666666666666,11.623804
2025-01-30,9.783333333333333,11.637665
2025-01-31,9.666666666666666,11.622732
2025-02-01,9.708333333333334,11.513986
2025-02-02,9.733333333333333,11.441511
2025-02-03,9.683333333333334,11.466005
2025-02-04,9.558333333333334,11.411155
2025-02-05,9.3125,11.362145
2025-02-06,9.35,11.273311
2025-02-07,9.595833333333333,11.087586
2025-02-08,9.483333333333333,10.9378195
2025-02-09,9.375,10.857489
2025-02-10,9.329166666666667,10.832672
2025-02-11,9.454166666666667,10.825495
2025-02-12,9.254166666666666,10.75763
2025-02-13,9.258333333333333,10.706025
2025-02-14,9.391666666666667,10.76319
2025-02-15,9.116666666666665,10.677313
2025-02-16,9.183333333333334,10.680577
2025-02-17,9.112499999999999,10.574164
2025-02-18,9.083333333333334,10.527448
2025-02-19,9.075,10.48399
2025-02-20,9.054166666666665,10.422448
2025-02-21,9.016666666666667,10.348276
2025-02-22,9.0,10.302919
2025-02-23,9.1,10.225812
2025-02-24,8.9375,10.1518135
2025-02-25,8.920833333333333,10.158134
2025-02-26,9.304166666666667,10.321985
2025-02-27,8.966666666666667,10.236256
2025-02-28,9.487499999999999,10.446251
2025-03-01,9.066666666666666,10.27307
2025-03-02,9.066666666666666,10.335934
2025-03-03,8.991666666666667,10.26197
2025-03-04,8.870833333333334,10.252662
2025-03-05,8.883333333333335,10.196157
2025-03-06,8.920833333333333,10.139435
2025-03-07,8.991666666666667,10.247024
2025-03-08,8.770833333333334,10.305077
2025-03-09,8.770833333333334,10.392971
2025-03-10,8.8375,10.34761
2025-03-11,8.933333333333334,10.412595
2025-03-12,8.9375,10.544636
2025-03-13,8.720833333333333,10.364042
2025-03-14,8.762500000000001,10.299759
2025-03-15,8.7125,10.3711605
2025-03-16,8.529166666666667,10.04406
2025-03-17,8.529166666666667,10.015699
2025-03-18,8.458333333333334,9.921055
2025-03-19,8.533333333333333,10.009357
2025-03-20,8.529166666666667,10.05259
2025-03-21,8.695833333333333,10.153331
2025-03-22,8.916666666666666,10.249554
2025-03-23,9.262500000000001,10.39541
2025-03-24,9.2875,10.406041
2025-03-25,9.483333333333333,10.399021
2025-03-26,9.770833333333334,10.440814
2025-03-27,9.4125,10.412606
2025-03-28,9.120833333333332,10.338452
2025-03-29,9.166666666666666,10.305017
2025-03-30,9.170833333333333,10.351871
2025-03-31,9.283333333333333,10.430519
2025-04-01,9.820833333333333,10.709419
2025-04-02,9.458333333333334,10.537971
2025-04-03,9.3125,10.536123
2025-04-04,9.479166666666666,10.567975
2025-04-05,9.545833333333333,10.591104
2025-04-06,9.966666666666667,10.806775
2025-04-07,9.708333333333334,10.691775
2025-04-08,10.079166666666667,10.989694
2025-04-09,9.9625,11.109935
2025-04-10,10.299999999999999,11.245491
2025-04-11,10.704166666666666,11.508716
2025-04-12,10.370833333333334,11.21147
2025-04-13,9.966666666666667,10.947127
2025-04-14,9.9,10.927757
2025-04-15,10.4,11.255387
2025-04-16,10.391666666666667,11.173927
2025-04-17,10.6875,11.314474
2025-04-18,11.095833333333333,11.695179
2025-04-19,11.041666666666666,11.552378
2025-04-20,11.366666666666667,11.8327
2025-04-21,11.129166666666668,11.886994
2025-04-22,11.091666666666667,11.912192
2025-04-23,11.47391304347826,12.240205
2025-04-24,11.345833333333333,12.185546
2025-04-25,11.8125,12.586725
2025-04-26,11.833333333333334,12.491329
2025-04-27,12.1,12.558974
2025-04-28,12.262500000000001,12.714862
2025-04-29,12.43,12.84185
2025-04-30,12.517647058823528,12.6979065
2025-05-01,12.587499999999999,12.615514
2025-05-02,13.216666666666667,13.000251
2025-05-03,12.691666666666668,12.727389
2025-05-04,13.379166666666668,13.26952
2025-05-05,12.620833333333335,12.894678
2025-05-06,12.704166666666666,13.040528
2025-05-07,14.345833333333333,13.89026
2025-05-08,13.299999999999999,13.39594
2025-05-09,12.921739130434782,12.987686
2025-05-10,12.883333333333333,12.903427
2025-05-11,13.408333333333333,13.317614
2025-05-12,13.291666666666666,13.348575
2025-05-13,13.575000000000001,13.372418
2025-05-14,13.604166666666666,13.50927
2025-05-15,14.041666666666666,13.983934
2025-05-16,14.066666666666668,13.806869
2025-05-17,14.258333333333333,13.981352
2025-05-18,14.545833333333334,14.328042
2025-05-19,14.375,14.123398
2025-05-20,14.783333333333333,14.3668165
2025-05-21,15.216666666666667,14.85691
2025-05-22,15.454166666666666,15.178804
2025-05-23,15.233333333333333,15.314175
2025-05-24,15.075000000000001,15.122582
2025-05-25,15.558333333333332,15.461611
2025-05-26,15.845833333333333,15.83401
2025-05-27,16.841666666666665,16.455267
2025-05-28,18.279166666666665,17.320211
2025-05-29,18.229166666666668,17.655363
2025-05-30,19.420833333333334,18.453897
2025-05-31,18.866666666666667,18.581789
2025-06-01,18.8125,18.852228
2025-06-02,18.091666666666665,18.248074
2025-06-03,18.358333333333334,18.321474
2025-06-04,18.729166666666668,18.464449
2025-06-05,19.10833333333333,18.711905
2025-06-06,18.895833333333332,18.379747
2025-06-07,18.995833333333334,18.825396
2025-06-08,20.004166666666666,19.659075
2025-06-09,20.045833333333334,19.836645
2025-06-10,20.0125,19.888058
2025-06-11,20.633333333333333,20.306217
2025-06-12,20.704166666666666,20.71167
2025-06-13,19.983333333333334,20.31669
2025-06-14,20.154166666666665,20.855349
2025-06-15,20.099999999999998,20.71744
2025-06-16,20.233333333333334,20.624454
2025-06-17,20.929166666666667,21.164192
2025-06-18,21.133333333333333,21.121655
2025-06-19,20.9875,20.961658
2025-06-20,20.370833333333334,19.844332
2025-06-21,19.98333333333333,19.94793
2025-06-22,21.441666666666666,20.938345
2025-06-23,21.758333333333336,21.469357
2025-06-24,21.416666666666668,21.40166
2025-06-25,21.870833333333334,21.746403
2025-06-26,22.724999999999998,22.340431
2025-06-27,22.941666666666666,22.630228
2025-06-28,23.645833333333332,23.371683
2025-06-29,23.379166666666666,23.445185
2025-06-30,23.675,23.695929
2025-07-01,23.662499999999998,24.053522
2025-07-02,24.212500000000002,24.455894
2025-07-03,24.641666666666666,24.71454
2025-07-04,24.991666666666664,24.743279
2025-07-05,25.325,25.084517
2025-07-06,25.795833333333334,25.561037
2025-07-07,26.28333333333333,26.204788
2025-07-08,26.829166666666666,26.544157
2025-07-09,27.71666666666667,27.325083
2025-07-10,27.849999999999998,27.565418
2025-07-11,27.741666666666664,27.610056
2025-07-12,28.25,28.133884
2025-07-13,27.825,27.689814
2025-07-14,26.974999999999998,26.704731
2025-07-15,26.858333333333334,26.665527
2025-07-16,26.633333333333336,26.443382
2025-07-17,26.641666666666666,26.570173
2025-07-18,26.583333333333332,26.678812
2025-07-19,26.5125,26.83397
2025-07-20,26.875,27.117292
2025-07-21,27.337500000000002,27.41079
2025-07-22,27.72083333333333,27.809767
2025-07-23,28.037499999999998,28.169289
2025-07-24,28.316666666666666,28.40855
2025-07-25,28.554166666666664,28.642357
2025-07-26,28.825,28.932646
2025-07-27,29.05,29.108158
2025-07-28,29.329166666666666,29.383173
2025-07-29,29.433333333333334,29.589008
2025-07-30,29.108333333333334,29.077091
2025-07-31,28.675,28.79185
2025-08-01,28.641666666666666,28.854342
2025-08-02,28.833333333333332,28.879122
2025-08-03,28.545833333333334,28.434025
2025-08-04,28.825,28.70179
2025-08-05,29.208333333333332,28.960302
2025-08-06,29.23478260869565,28.891815
2025-08-07,29.34583333333333,29.048063
2025-08-08,29.6125,29.239664
2025-08-09,29.125,28.596003
2025-08-10,28.895833333333332,28.231863
2025-08-11,28.724999999999998,28.06066
2025-08-12,28.629166666666666,27.868258
2025-08-13,28.587500000000002,27.395891
2025-08-14,28.816666666666666,27.694405
2025-08-15,29.1125,28.103573
2025-08-16,29.15416666666667,28.170444
2025-08-17,29.0625,28.267208
2025-08-18,29.1375,28.473213
2025-08-19,29.104166666666668,28.640955
2025-08-20,29.104166666666668,28.73699
2025-08-21,29.325,28.947115
2025-08-22,29.287499999999998,29.039597
2025-08-23,29.354166666666668,29.227556
2025-08-24,29.40416666666667,29.406418
2025-08-25,29.34166666666667,29.267427
2025-08-26,29.2,29.19089
2025-08-27,29.495833333333334,29.346231
2025-08-28,29.391666666666666,29.182013
2025-08-29,29.4375,29.164682
2025-08-30,29.6125,29.257599
2025-08-31,29.5625,29.131893
2025-09-01,29.395833333333332,28.911423
2025-09-02,29.3875,28.895525
2025-09-03,29.3125,28.894396
2025-09-04,29.320833333333336,29.061684
2025-09-05,29.616666666666664,29.158316
2025-09-06,29.537499999999998,28.971094
2025-09-07,29.491666666666664,28.939234
2025-09-08,29.3125,28.847912
2025-09-09,28.90833333333333,28.480822
2025-09-10,28.670833333333334,28.217905
2025-09-11,28.537499999999998,28.112797
2025-09-12,28.3125,27.867947
2025-09-13,28.229166666666668,27.735134
2025-09-14,28.325,27.839947
2025-09-15,28.27916666666667,27.67419
2025-09-16,28.412499999999998,27.794369
2025-09-17,28.145833333333332,27.49846
2025-09-18,27.78333333333333,27.12309
2025-09-19,27.587500000000002,27.012457
2025-09-20,27.1875,26.619678
2025-09-21,26.741666666666664,26.377508
2025-09-22,26.441666666666666,26.300274
2025-09-23,26.400000000000002,26.202217
2025-09-24,26.191666666666666,26.076403
2025-09-25,26.166666666666668,26.051208
2025-09-26,26.095833333333335,25.929047
2025-09-27,26.104166666666668,25.926626
2025-09-28,25.945833333333336,25.69457
2025-09-29,25.75,25.560041
2025-09-30,25.833333333333332,25.68268
2025-10-01,25.891666666666666,25.648796
2025-10-02,25.27916666666667,25.259281
2025-10-03,24.320833333333336,24.818687
2025-10-04,23.583333333333332,24.696068
2025-10-05,23.59166666666667,24.72556
2025-10-06,23.662499999999998,24.635792
2025-10-07,23.516666666666666,24.393473
2025-10-08,23.329166666666666,24.176514
2025-10-09,23.75,24.35833
2025-10-10,23.787499999999998,24.29719
2025-10-11,24.191666666666666,24.41116
2025-10-12,24.02916666666667,24.32376
2025-10-13,24.195833333333336,24.236702
2025-10-14,24.087500000000002,24.131828
2025-10-15,24.070833333333336,24.106964
2025-10-16,23.741666666666664,23.847406
2025-10-17,23.40833333333333,23.68711
2025-10-18,22.40416666666667,23.015507
2025-10-19,21.395833333333332,22.640429
2025-10-20,19.808333333333334,22.040165
2025-10-21,18.9875,21.54244
2025-10-22,19.079166666666666,21.188711
2025-10-23,18.870833333333334,20.93147
2025-10-24,18.604166666666668,20.681843
2025-10-25,18.675,20.44686
2025-10-26,18.616666666666667,20.260372
2025-10-27,18.433333333333334,19.943316
2025-10-28,18.516666666666666,19.754093
2025-10-29,18.35833333333333,19.613972
2025-10-30,18.2125,19.548954
2025-10-31,18.229166666666668,19.561844
2025-11-01,17.916666666666668,19.392515
2025-11-02,17.7625,19.096853
2025-11-03,17.525000000000002,18.812113
2025-11-04,17.533333333333335,18.686296
2025-11-05,17.417391304347827,18.575052
2025-11-06,17.4,18.488197
2025-11-07,17.45,18.43328
2025-11-08,17.3875,18.337717
2025-11-09,17.253333333333334,18.23841
2025-11-10,17.066666666666666,18.074305
2025-11-11,16.95,17.939466
2025-11-12,16.7625,17.852835
2025-11-13,16.6625,17.708603
2025-11-14,16.508333333333333,17.54926
2025-11-15,16.391666666666666,17.468163
2025-11-16,16.458333333333332,17.454754
2025-11-17,16.104166666666668,17.208979
2025-11-18,15.783333333333333,16.885326
2025-11-19,15.570833333333333,16.627
2025-11-20,15.450000000000001,16.483316
2025-11-21,15.433333333333332,16.364382
2025-11-22,15.379166666666668,16.261705
2025-11-23,15.395833333333334,16.162079
2025-11-24,15.4,16.095985
2025-11-25,,15.882966
2025-11-26,,15.770943
2025-11-27,,15.648661
2025-11-28,14.575000000000001,15.552957
2025-11-29,14.7,15.500353
2025-11-30,,15.4910145
2025-12-01,14.316666666666668,15.325128
2025-12-02,14.079166666666666,15.129534
2025-12-03,13.799999999999999,14.874848
2025-12-04,13.558333333333332,14.723797
2025-12-05,13.445833333333333,14.605763
2025-12-06,13.533333333333333,14.598339
2025-12-07,13.583333333333334,14.607628
2025-12-08,13.424999999999999,14.498512
2025-12-09,13.35,14.447958
2025-12-10,13.375,14.467325
2025-12-11,13.241666666666667,14.384736
2025-12-12,12.975,14.213999
2025-12-13,12.991666666666667,14.040409
2025-12-14,12.754166666666668,13.7198715
2025-12-15,12.704166666666666,13.560619
2025-12-16,12.783333333333333,13.433547
2025-12-17,12.641666666666666,13.196357
2025-12-18,12.741666666666667,13.150932
2025-12-19,12.579166666666666,13.070481
2025-12-20,12.4375,12.872161
2025-12-21,12.058333333333332,12.689366
2025-12-22,12.429166666666667,12.656305
2025-12-23,12.529166666666667,12.6354065
2025-12-24,12.237499999999999,12.493066
2025-12-25,11.691304347826087,12.394553
2025-12-26,,12.241027
2025-12-27,,12.11888
2025-12-28,,12.140948
2025-12-29,,12.1401825
2025-12-30,,12.04112
2025-12-31,,12.018123
