지점,일시,풍속(m/s),풍향(deg),GUST풍속(m/s),현지기압(hPa),습도(%),기온(°C),수온(°C),최대파고(m),유의파고(m),평균파고(m),파주기(sec),파향(deg)
22489,2025-11-15 00:00:00,6.2,353.0,6.5,1024.2,59.0,13.4,15.2,0.9,0.6,0.4,6.1,324.0
22489,2025-11-15 01:00:00,6.2,16.0,6.9,1024.3,56.0,13.4,15.1,0.7,0.5,0.3,6.1,313.0
22489,2025-11-15 02:00:00,5.1,16.0,7.1,1024.6,57.0,13.4,14.9,0.8,0.5,0.3,6.2,318.0
22489,2025-11-15 03:00:00,4.9,3.0,5.2,1025.4,60.0,13.5,15.0,0.7,0.4,0.3,6.1,291.0
22489,2025-11-15 04:00:00,5.1,351.0,6.4,1026.0,59.0,13.4,15.1,0.9,0.3,0.2,6.2,271.0
22489,2025-11-15 05:00:00,4.0,87.0,4.2,1025.9,70.0,12.3,15.0,0.6,0.3,0.2,6.0,289.0
22489,2025-11-15 06:00:00,3.1,79.0,3.3,1026.2,68.0,11.8,15.0,0.6,0.3,0.2,7.2,294.0
22489,2025-11-15 07:00:00,2.1,84.0,2.5,1026.6,70.0,11.9,15.0,0.5,0.3,0.2,6.8,308.0
22489,2025-11-15 08:00:00,2.0,77.0,2.2,1027.1,63.0,12.0,15.1,0.6,0.3,0.2,6.7,320.0
22489,2025-11-15 09:00:00,3.0,92.0,3.0,1027.2,69.0,11.9,15.0,0.5,0.3,0.2,6.8,309.0
22489,2025-11-15 10:00:00,2.5,73.0,2.5,1027.3,64.0,12.5,15.0,0.4,0.3,0.2,6.7,317.0
22489,2025-11-15 17:00:00,3.1,353.0,3.4,1026.7,54.0,14.2,15.1,,,,,
22489,2025-11-15 18:00:00,2.7,278.0,3.2,,,,,,,,,
22489,2025-11-15 19:00:00,1.9,207.0,2.1,,,,,,,,,
22489,2025-11-15 20:00:00,1.2,147.0,1.6,,,,,,,,,
22489,2025-11-15 21:00:00,3.1,129.0,3.1,,,,,,,,,
22489,2025-11-15 22:00:00,1.7,141.0,2.5,,,,,,,,,
22489,2025-11-15 23:00:00,1.3,151.0,1.7,,,,,,,,,
22489,2025-11-16 00:00:00,1.7,60.0,2.1,,,,,,,,,
22489,2025-11-16 01:00:00,2.5,11.0,2.6,,,,,,,,,
22489,2025-11-16 02:00:00,2.2,338.0,2.2,,,,,,,,,
22489,2025-11-16 03:00:00,4.0,318.0,4.0,,,,,,,,,
22489,2025-11-16 04:00:00,4.3,318.0,4.5,,,,,,,,,
22489,2025-11-16 05:00:00,2.9,293.0,3.3,,,,,,,,,
22489,2025-11-16 06:00:00,3.7,285.0,4.0,,,,,,,,,
22489,2025-11-16 07:00:00,3.8,49.0,3.8,,,,,,,,,
22489,2025-11-16 08:00:00,3.6,41.0,3.7,,,,,,,,,
22489,2025-11-16 09:00:00,3.2,51.0,3.6,,,,,,,,,
22489,2025-11-16 10:00:00,3.7,51.0,4.2,,,,,,,,,
22489,2025-11-16 11:00:00,3.9,64.0,3.9,,,,,,,,,
22489,2025-11-16 12:00:00,2.4,56.0,3.1,,,,,,,,,
22489,2025-11-16 13:00:00,1.9,100.0,2.1,,,,,,,,,
22489,2025-11-16 14:00:00,2.8,32.0,3.2,,,,,,,,,
22489,2025-11-16 17:00:00,1.6,211.0,0.0,,,,,,,,,
22489,2025-11-16 18:00:00,0.9,264.0,1.0,,,,,,,,,
22489,2025-11-16 19:00:00,0.6,249.0,0.7,,,,,,,,,
22489,2025-11-16 20:00:00,1.8,175.0,1.8,,,,,,,,,
22489,2025-11-16 21:00:00,3.0,148.0,3.1,,,,,,,,,
22489,2025-11-16 22:00:00,2.6,139.0,2.6,,,,,,,,,
22489,2025-11-16 23:00:00,1.7,151.0,1.8,,,,,,,,,
22489,2025-11-17 00:00:00,4.6,160.0,4.9,,,,,,,,,
22489,2025-11-17 01:00:00,9.1,304.0,10.1,,,,,,,,,
22489,2025-11-17 02:00:00,9.6,307.0,11.0,,,,,,,,,
22489,2025-11-17 03:00:00,10.4,306.0,10.9,,,,,,,,,
22489,2025-11-17 04:00:00,10.2,299.0,11.6,,,,,,,,,
22489,2025-11-17 05:00:00,11.3,291.0,11.4,,,,,,,,,
22489,2025-11-17 06:00:00,9.6,291.0,10.5,,,,,,,,,
22489,2025-11-17 07:00:00,10.3,295.0,10.8,,,,,,,,,
22489,2025-11-17 08:00:00,10.4,302.0,11.0,,,,,,,,,
22489,2025-11-17 09:00:00,9.2,304.0,11.9,,,,,,,,,
22489,2025-11-17 10:00:00,9.6,355.0,11.2,,,,,,,,,
22489,2025-11-17 11:00:00,9.8,306.0,12.1,,,,,,,,,
22489,2025-11-17 12:00:00,9.0,302.0,10.5,,,,,,,,,
22489,2025-11-17 13:00:00,10.0,297.0,12.0,,,,,,,,,
22489,2025-11-17 14:00:00,11.1,296.0,11.8,,,,,,,,,
22489,2025-11-17 15:00:00,10.3,310.0,11.6,,,,,,,,,
22489,2025-11-17 16:00:00,10.3,302.0,10.4,,,,,,,,,
22489,2025-11-17 17:00:00,9.9,293.0,10.6,,,,,,,,,
22489,2025-11-17 18:00:00,11.0,287.0,12.5,,,,,,,,,
22489,2025-11-17 19:00:00,12.0,289.0,12.4,,,,,,,,,
22489,2025-11-17 20:00:00,10.8,277.0,12.3,,,,,,,,,
22489,2025-11-17 21:00:00,11.1,287.0,11.4,,,,,,,,,
22489,2025-11-17 22:00:00,12.7,292.0,12.7,,,,,,,,,
22489,2025-11-17 23:00:00,10.8,273.0,11.6,,,,,,,,,
22489,2025-11-18 00:00:00,10.8,276.0,12.0,,,,,,,,,
22489,2025-11-18 01:00:00,11.2,271.0,11.3,,,,,,,,,
22489,2025-11-18 02:00:00,10.4,289.0,11.5,,,,,,,,,
22489,2025-11-18 03:00:00,10.1,337.0,11.4,,,,,,,,,
22489,2025-11-18 04:00:00,10.7,280.0,10.8,,,,,,,,,
22489,2025-11-18 05:00:00,10.3,279.0,11.3,,,,,,,,,
22489,2025-11-18 06:00:00,10.8,284.0,11.0,,,,,,,,,
22489,2025-11-18 07:00:00,10.3,290.0,12.1,,,,,,,,,
22489,2025-11-18 08:00:00,10.9,281.0,10.9,,,,,,,,,
22489,2025-11-18 09:00:00,9.9,271.0,10.5,,,,,,,,,
22489,2025-11-18 10:00:00,8.9,180.0,10.3,,,,,,,,,
22489,2025-11-18 11:00:00,5.5,151.0,9.3,,,,,,,,,
22489,2025-11-18 12:00:00,8.5,176.0,9.8,,,,,,,,,
22489,2025-11-18 13:00:00,7.7,183.0,9.9,,,,,,,,,
22489,2025-11-18 14:00:00,7.7,281.0,8.9,,,,,,,,,
22489,2025-11-18 15:00:00,4.1,319.0,5.8,,,,,,,,,
22489,2025-11-18 16:00:00,4.7,320.0,5.4,,,,,,,,,
22489,2025-11-18 17:00:00,4.1,323.0,4.6,,,,,,,,,
22489,2025-11-18 18:00:00,3.9,289.0,3.9,,,,,,,,,
22489,2025-11-18 19:00:00,0.0,0.0,1.2,,,,,,,,,
22489,2025-11-18 20:00:00,2.7,119.0,2.8,,,,,,,,,
22489,2025-11-18 21:00:00,7.4,231.0,7.9,,,,,,,,,
22489,2025-11-18 22:00:00,4.4,148.0,5.7,,,,,,,,,
22489,2025-11-18 23:00:00,6.9,121.0,8.3,,,,,,,,,
22489,2025-11-19 00:00:00,8.2,179.0,11.1,,,,,,,,,
22489,2025-11-19 01:00:00,8.4,184.0,8.6,,,,,,,,,
22489,2025-11-19 02:00:00,7.2,283.0,9.6,,,,,,,,,
22489,2025-11-19 03:00:00,3.9,326.0,4.7,,,,,,,,,
22489,2025-11-19 04:00:00,3.0,320.0,3.0,,,,,,,,,
22489,2025-11-19 05:00:00,4.3,297.0,4.8,,,,,,,,,
22489,2025-11-19 06:00:00,3.2,278.0,4.4,,,,,,,,,
22489,2025-11-19 07:00:00,4.3,295.0,5.0,,,,,,,,,
22489,2025-11-19 08:00:00,4.9,287.0,5.5,,,,,,,,,
22489,2025-11-19 09:00:00,4.0,56.0,4.5,,,,,,,,,
22489,2025-11-19 10:00:00,3.2,66.0,4.3,,,,,,,,,
22489,2025-11-19 11:00:00,3.1,62.0,3.8,,,,,,,,,
22489,2025-11-19 12:00:00,3.0,108.0,3.6,,,,,,,,,
22489,2025-11-19 13:00:00,2.7,104.0,3.1,,,,,,,,,
22489,2025-11-19 14:00:00,2.3,138.0,2.8,,,,,,,,,
22489,2025-11-19 15:00:00,1.5,163.0,1.8,,,,,,,,,
22489,2025-11-19 16:00:00,0.7,317.0,1.4,,,,,,,,,
22489,2025-11-19 17:00:00,2.4,332.0,2.9,,,,,,,,,
22489,2025-11-19 18:00:00,2.5,321.0,2.5,,,,,,,,,
22489,2025-11-19 19:00:00,1.7,290.0,1.8,,,,,,,,,
22489,2025-11-19 20:00:00,1.3,305.0,1.9,,,,,,,,,
22489,2025-11-19 21:00:00,1.4,257.0,1.9,,,,,,,,,
22489,2025-11-19 22:00:00,7.1,288.0,7.1,,,,,,,,,
22489,2025-11-19 23:00:00,5.2,180.0,6.0,,,,,,,,,
22489,2025-11-20 00:00:00,4.5,168.0,5.1,,,,,,,,,
22489,2025-11-20 01:00:00,4.5,174.0,5.3,,,,,,,,,
22489,2025-11-20 02:00:00,3.2,190.0,3.9,,,,,,,,,
22489,2025-11-20 03:00:00,2.5,276.0,3.5,,,,,,,,,
22489,2025-11-20 04:00:00,1.9,274.0,3.0,,,,,,,,,
22489,2025-11-20 05:00:00,2.6,260.0,3.1,,,,,,,,,
22489,2025-11-20 06:00:00,1.8,235.0,2.6,,,,,,,,,
22489,2025-11-20 07:00:00,3.9,223.0,4.7,,,,,,,,,
22489,2025-11-20 08:00:00,5.6,255.0,6.9,,,,,,,,,
22489,2025-11-20 09:00:00,6.1,236.0,7.2,,,,,,,,,
22489,2025-11-20 10:00:00,5.9,128.0,6.4,,,,,,,,,
22489,2025-11-20 11:00:00,7.0,114.0,7.0,,,,,,,,,
22489,2025-11-20 12:00:00,6.6,113.0,6.6,,,,,,,,,
22489,2025-11-20 13:00:00,6.9,127.0,7.1,,,,,,,,,
22489,2025-11-20 14:00:00,6.5,133.0,6.6,,,,,,,,,
22489,2025-11-20 15:00:00,6.9,200.0,7.8,,,,,,,,,
22489,2025-11-20 16:00:00,6.8,226.0,6.8,,,,,,,,,
22489,2025-11-20 17:00:00,6.9,244.0,6.9,,,,,,,,,
22489,2025-11-20 18:00:00,7.7,231.0,8.0,,,,,,,,,
22489,2025-11-20 19:00:00,7.4,218.0,7.6,,,,,,,,,
22489,2025-11-20 20:00:00,6.0,224.0,6.9,,,,,,,,,
22489,2025-11-20 21:00:00,6.5,255.0,7.3,,,,,,,,,
22489,2025-11-20 22:00:00,6.4,247.0,7.7,,,,,,,,,
22489,2025-11-20 23:00:00,7.6,184.0,8.2,,,,,,,,,
22489,2025-11-21 00:00:00,6.6,179.0,7.9,,,,,,,,,
22489,2025-11-21 01:00:00,7.8,189.0,8.0,,,,,,,,,
22489,2025-11-21 02:00:00,6.4,183.0,7.3,,,,,,,,,
22489,2025-11-21 03:00:00,7.5,276.0,8.6,,,,,,,,,
22489,2025-11-21 04:00:00,7.1,284.0,8.1,,,,,,,,,
22489,2025-11-21 05:00:00,6.4,281.0,7.8,,,,,,,,,
22489,2025-11-21 06:00:00,6.8,268.0,8.2,,,,,,,,,
22489,2025-11-21 07:00:00,5.8,268.0,7.5,,,,,,,,,
22489,2025-11-21 08:00:00,5.4,261.0,7.1,,,,,,,,,
22489,2025-11-21 09:00:00,6.3,241.0,6.3,,,,,,,,,
22489,2025-11-21 10:00:00,5.0,189.0,6.5,,,,,,,,,
22489,2025-11-21 11:00:00,4.8,161.0,5.4,,,,,,,,,
22489,2025-11-21 12:00:00,5.4,158.0,5.8,,,,,,,,,
22489,2025-11-21 13:00:00,4.4,149.0,5.2,,,,,,,,,
22489,2025-11-21 14:00:00,5.0,170.0,5.0,,,,,,,,,
22489,2025-11-21 15:00:00,3.4,177.0,4.4,,,,,,,,,
22489,2025-11-21 16:00:00,3.7,278.0,4.6,,,,,,,,,
22489,2025-11-21 17:00:00,3.3,269.0,3.8,,,,,,,,,
22489,2025-11-21 18:00:00,3.2,274.0,3.8,,,,,,,,,
22489,2025-11-21 19:00:00,3.5,259.0,5.4,,,,,,,,,
22489,2025-11-21 20:00:00,1.8,273.0,2.5,,,,,,,,,
22489,2025-11-21 21:00:00,1.4,269.0,1.6,,,,,,,,,
22489,2025-11-21 22:00:00,2.2,251.0,3.1,,,,,,,,,
22489,2025-11-21 23:00:00,3.1,68.0,3.3,,,,,,,,,
22489,2025-11-22 00:00:00,2.3,65.0,2.5,,,,,,,,,
22489,2025-11-22 01:00:00,2.3,67.0,2.3,,,,,,,,,
22489,2025-11-22 02:00:00,1.5,63.0,1.6,,,,,,,,,
22489,2025-11-22 03:00:00,1.2,131.0,1.2,,,,,,,,,
22489,2025-11-22 04:00:00,1.6,262.0,1.7,,,,,,,,,
22489,2025-11-22 05:00:00,1.6,252.0,2.3,,,,,,,,,
22489,2025-11-22 06:00:00,3.5,267.0,3.5,,,,,,,,,
22489,2025-11-22 07:00:00,3.8,248.0,4.0,,,,,,,,,
22489,2025-11-22 08:00:00,3.7,194.0,4.2,,,,,,,,,
22489,2025-11-22 09:00:00,4.4,192.0,4.9,,,,,,,,,
22489,2025-11-22 10:00:00,4.4,97.0,4.8,,,,,,,,,
22489,2025-11-22 11:00:00,4.4,71.0,4.5,,,,,,,,,
22489,2025-11-22 12:00:00,3.4,57.0,4.1,,,,,,,,,
22489,2025-11-22 13:00:00,2.3,64.0,2.5,,,,,,,,,
22489,2025-11-22 14:00:00,2.8,80.0,2.8,,,,,,,,,
22489,2025-11-22 15:00:00,2.5,79.0,2.7,,,,,,,,,
22489,2025-11-22 16:00:00,1.9,105.0,2.3,,,,,,,,,
22489,2025-11-22 17:00:00,2.0,201.0,2.6,,,,,,,,,
22489,2025-11-22 18:00:00,3.1,244.0,4.0,,,,,,,,,
22489,2025-11-22 19:00:00,2.2,253.0,3.1,,,,,,,,,
22489,2025-11-22 20:00:00,2.2,215.0,2.2,,,,,,,,,
22489,2025-11-22 21:00:00,1.2,202.0,2.6,,,,,,,,,
22489,2025-11-22 22:00:00,1.2,196.0,1.8,,,,,,,,,
22489,2025-11-22 23:00:00,1.7,131.0,1.7,,,,,,,,,
22489,2025-11-23 00:00:00,2.4,63.0,2.7,,,,,,,,,
22489,2025-11-23 01:00:00,2.7,65.0,2.8,,,,,,,,,
22489,2025-11-23 02:00:00,2.0,65.0,2.1,,,,,,,,,
22489,2025-11-23 03:00:00,2.3,72.0,2.5,,,,,,,,,
22489,2025-11-23 04:00:00,3.2,57.0,3.2,,,,,,,,,
22489,2025-11-23 05:00:00,4.8,346.0,4.8,,,,,,,,,
22489,2025-11-23 06:00:00,3.8,318.0,4.3,,,,,,,,,
22489,2025-11-23 07:00:00,4.4,301.0,4.7,,,,,,,,,
22489,2025-11-23 08:00:00,4.5,318.0,5.0,,,,,,,,,
22489,2025-11-23 09:00:00,5.4,305.0,5.8,,,,,,,,,
22489,2025-11-23 10:00:00,4.8,260.0,5.2,,,,,,,,,
22489,2025-11-23 11:00:00,4.2,73.0,5.1,,,,,,,,,
22489,2025-11-23 12:00:00,3.6,68.0,3.9,,,,,,,,,
22489,2025-11-23 13:00:00,5.0,101.0,5.2,,,,,,,,,
22489,2025-11-23 14:00:00,5.0,111.0,5.3,,,,,,,,,
22489,2025-11-23 15:00:00,5.1,132.0,5.8,,,,,,,,,
22489,2025-11-23 16:00:00,5.3,142.0,5.6,,,,,,,,,
22489,2025-11-23 17:00:00,4.7,137.0,5.6,,,,,,,,,
22489,2025-11-23 18:00:00,3.3,3.0,3.9,,,,,,,,,
22489,2025-11-23 19:00:00,3.4,349.0,3.7,,,,,,,,,
22489,2025-11-23 20:00:00,2.8,315.0,3.4,,,,,,,,,
22489,2025-11-23 21:00:00,4.1,293.0,4.1,,,,,,,,,
22489,2025-11-23 22:00:00,3.8,267.0,4.0,,,,,,,,,
22489,2025-11-23 23:00:00,3.7,263.0,3.7,,,,,,,,,
22489,2025-11-24 00:00:00,5.2,78.0,5.3,,,,,,,,,
22489,2025-11-24 01:00:00,5.9,107.0,6.0,,,,,,,,,
22489,2025-11-24 02:00:00,4.3,112.0,4.7,,,,,,,,,
22489,2025-11-24 03:00:00,2.5,120.0,2.7,,,,,,,,,
22489,2025-11-24 04:00:00,2.6,96.0,3.6,,,,,,,,,
22489,2025-11-24 05:00:00,2.5,25.0,2.5,,,,,,,,,
22489,2025-11-24 06:00:00,2.6,347.0,2.6,,,,,,,,,
22489,2025-11-24 07:00:00,2.7,334.0,3.3,,,,,,,,,
22489,2025-11-24 08:00:00,3.4,310.0,3.7,,,,,,,,,
22489,2025-11-24 09:00:00,3.0,281.0,3.2,,,,,,,,,
22489,2025-11-24 10:00:00,1.8,265.0,2.0,,,,,,,,,
22489,2025-11-24 11:00:00,3.1,166.0,3.1,,,,,,,,,
22489,2025-11-24 12:00:00,3.0,130.0,3.2,,,,,,,,,
22489,2025-11-24 13:00:00,3.8,144.0,3.9,,,,,,,,,
22489,2025-11-24 14:00:00,3.1,141.0,3.4,,,,,,,,,
22489,2025-11-24 15:00:00,3.8,166.0,3.8,,,,,,,,,
22489,2025-11-24 16:00:00,3.2,170.0,3.5,,,,,,,,,
22489,2025-11-24 17:00:00,3.2,190.0,3.2,,,,,,,,,
22489,2025-11-24 18:00:00,2.6,206.0,2.8,,,,,,,,,
22489,2025-11-24 19:00:00,2.8,239.0,3.0,,,,,,,,,
22489,2025-11-24 20:00:00,2.4,270.0,2.7,,,,,,,,,
22489,2025-11-24 21:00:00,2.3,244.0,2.7,,,,,,,,,
22489,2025-11-24 22:00:00,2.6,195.0,2.8,,,,,,,,,
22489,2025-11-24 23:00:00,3.3,192.0,3.5,,,,,,,,,
22489,2025-11-25 00:00:00,3.1,185.0,3.2,,,,,,,,,
22489,2025-11-25 01:00:00,3.3,170.0,3.4,,,,,,,,,
22489,2025-11-25 02:00:00,3.5,157.0,3.8,,,,,,,,,
22489,2025-11-25 03:00:00,4.8,172.0,5.2,,,,,,,,,
22489,2025-11-25 04:00:00,5.7,176.0,6.6,,,,,,,,,
22489,2025-11-25 05:00:00,4.9,196.0,5.8,,,,,,,,,
22489,2025-11-25 06:00:00,10.8,267.0,11.5,,,,,,,,,
22489,2025-11-25 07:00:00,9.2,261.0,10.8,,,,,,,,,
22489,2025-11-25 08:00:00,10.7,262.0,11.5,,,,,,,,,
22489,2025-11-25 09:00:00,14.6,263.0,14.6,,,,,,,,,
22489,2025-11-25 10:00:00,11.0,268.0,12.1,,,,,,,,,
22489,2025-11-25 11:00:00,12.2,258.0,12.5,,,,,,,,,
22489,2025-11-25 12:00:00,10.6,253.0,12.4,,,,,,,,,
22489,2025-11-25 13:00:00,13.3,257.0,13.3,,,,,,,,,
22489,2025-11-25 14:00:00,12.2,262.0,13.5,,,,,,,,,
22489,2025-11-25 15:00:00,11.5,262.0,12.7,,,,,,,,,
22489,2025-11-25 16:00:00,11.3,264.0,12.4,,,,,,,,,
22489,2025-11-25 17:00:00,10.1,269.0,12.3,,,,,,,,,
22489,2025-11-25 18:00:00,9.6,271.0,11.1,,,,,,,,,
22489,2025-11-25 19:00:00,10.6,274.0,11.4,,,,,,,,,
22489,2025-11-25 20:00:00,9.2,281.0,10.5,,,,,,,,,
22489,2025-11-25 21:00:00,7.6,281.0,10.1,,,,,,,,,
22489,2025-11-25 22:00:00,8.1,276.0,9.5,,,,,,,,,
22489,2025-11-25 23:00:00,7.4,278.0,9.1,,,,,,,,,
22489,2025-11-26 00:00:00,6.7,273.0,8.4,,,,,,,,,
22489,2025-11-26 01:00:00,7.1,267.0,7.3,,,,,,,,,
22489,2025-11-26 02:00:00,3.9,284.0,5.4,,,,,,,,,
22489,2025-11-26 03:00:00,6.2,296.0,6.2,,,,,,,,,
22489,2025-11-26 04:00:00,4.3,299.0,5.9,,,,,,,,,
22489,2025-11-26 05:00:00,4.8,286.0,5.7,,,,,,,,,
22489,2025-11-26 06:00:00,3.3,301.0,5.3,,,,,,,,,
22489,2025-11-26 07:00:00,5.7,296.0,5.8,,,,,,,,,
22489,2025-11-26 08:00:00,3.7,260.0,4.8,,,,,,,,,
22489,2025-11-26 09:00:00,3.2,279.0,3.8,,,,,,,,,
22489,2025-11-26 10:00:00,1.3,281.0,2.4,,,,,,,,,
22489,2025-11-26 11:00:00,2.1,271.0,3.9,,,,,,,,,
22489,2025-11-26 12:00:00,1.7,259.0,2.4,,,,,,,,,
22489,2025-11-26 13:00:00,0.9,321.0,2.0,1025.7,51.0,10.1,13.6,,,,,
22489,2025-11-26 15:00:00,0.7,249.0,1.5,1024.5,49.0,10.6,13.7,,,,,
22489,2025-11-26 16:00:00,0.9,288.0,2.5,1024.3,52.0,10.4,13.5,,,,,
22489,2025-11-26 17:00:00,2.0,307.0,2.0,1024.0,54.0,10.3,13.3,,,,,
22489,2025-11-26 18:00:00,1.4,343.0,2.1,1024.0,55.0,10.1,13.3,,,,,
22489,2025-11-26 19:00:00,0.6,57.0,2.0,1024.2,56.0,9.9,13.2,,,,,
22489,2025-11-26 21:00:00,1.2,231.0,1.6,1024.0,60.0,10.2,13.2,,,,,
22489,2025-11-26 22:00:00,2.9,190.0,3.6,1024.3,61.0,10.2,13.1,,,,,
22489,2025-11-26 23:00:00,3.4,170.0,3.7,1023.4,64.0,10.4,13.1,,,,,
22489,2025-11-27 00:00:00,4.0,179.0,4.3,1022.6,66.0,10.4,13.3,,,,,
22489,2025-11-27 01:00:00,4.3,182.0,5.0,1022.4,72.0,10.7,13.2,,,,,
22489,2025-11-27 02:00:00,5.8,172.0,5.9,1021.0,72.0,10.9,13.2,,,,,
22489,2025-11-27 03:00:00,5.5,146.0,5.8,1019.7,73.0,10.8,13.2,,,,,
22489,2025-11-27 04:00:00,5.2,139.0,5.4,1018.6,76.0,11.0,13.2,,,,,
22489,2025-11-27 05:00:00,5.6,127.0,7.5,1017.7,82.0,10.8,13.3,,,,,
22489,2025-11-27 06:00:00,5.9,107.0,6.9,1016.4,86.0,10.5,13.3,,,,,
22489,2025-11-27 07:00:00,9.8,240.0,9.8,1015.9,71.0,13.7,13.3,,,,,
22489,2025-11-27 08:00:00,8.2,237.0,9.8,1015.1,65.0,13.7,13.3,,,,,
22489,2025-11-27 09:00:00,9.4,218.0,11.2,1014.3,69.0,13.9,13.2,,,,,
22489,2025-11-27 10:00:00,10.2,298.0,12.2,1015.9,80.0,11.4,13.2,,,,,
22489,2025-11-27 11:00:00,11.7,298.0,12.5,1016.4,69.0,11.1,13.2,,,,,
22489,2025-11-27 12:00:00,11.7,292.0,11.7,1016.3,63.0,11.5,13.2,,,,,
22489,2025-11-27 13:00:00,9.4,285.0,10.0,1016.1,67.0,11.6,13.2,,,,,
22489,2025-11-27 14:00:00,11.0,305.0,13.1,1016.2,66.0,11.6,13.2,,,,,
22489,2025-11-27 15:00:00,12.1,316.0,12.3,1016.6,67.0,11.2,13.3,,,,,
22489,2025-11-27 16:00:00,11.3,315.0,12.8,1017.3,68.0,11.1,13.3,,,,,
22489,2025-11-27 17:00:00,9.9,328.0,12.1,1017.8,64.0,10.8,13.2,,,,,
22489,2025-11-27 18:00:00,10.6,331.0,12.2,1018.5,56.0,10.3,13.1,,,,,
22489,2025-11-27 19:00:00,11.4,327.0,12.2,1019.1,59.0,10.1,13.0,,,,,
22489,2025-11-27 20:00:00,10.4,333.0,11.2,1019.8,62.0,10.0,13.0,,,,,
22489,2025-11-27 21:00:00,10.7,330.0,12.6,1020.3,68.0,9.6,13.0,,,,,
22489,2025-11-27 22:00:00,12.0,326.0,12.2,1020.3,62.0,9.6,13.1,,,,,
22489,2025-11-27 23:00:00,11.6,330.0,12.5,1021.0,63.0,9.2,13.0,,,,,
22489,2025-11-28 00:00:00,9.8,325.0,11.3,1021.6,55.0,9.1,13.1,,,,,
22489,2025-11-28 01:00:00,9.2,323.0,10.2,1021.5,58.0,9.0,13.0,3.8,2.9,2.1,8.5,298.0
22489,2025-11-28 02:00:00,9.4,337.0,10.5,1021.5,55.0,8.6,12.9,3.8,2.8,2.1,8.6,247.0
22489,2025-11-28 03:00:00,9.9,333.0,9.9,1021.4,59.0,8.7,12.9,3.8,2.8,2.1,8.7,294.0
22489,2025-11-28 04:00:00,8.5,335.0,9.5,1021.1,58.0,8.6,12.8,1.9,1.4,1.0,7.9,236.0
22489,2025-11-28 05:00:00,7.0,332.0,8.1,1020.8,60.0,8.6,12.9,1.8,1.3,1.0,8.0,202.0
22489,2025-11-28 06:00:00,7.4,343.0,9.2,1021.1,57.0,8.4,12.8,1.8,1.3,1.0,8.0,239.0
22489,2025-11-28 07:00:00,8.6,356.0,9.1,1021.1,59.0,8.4,13.0,1.8,1.3,1.0,8.0,211.0
22489,2025-11-28 08:00:00,6.3,342.0,7.4,1022.0,56.0,8.3,13.0,2.4,1.8,1.3,10.8,287.0
22489,2025-11-28 09:00:00,5.4,326.0,7.5,1022.8,54.0,8.3,13.0,1.5,1.1,0.8,10.6,299.0
22489,2025-11-28 10:00:00,5.6,347.0,6.6,1022.7,57.0,8.5,12.8,1.9,1.4,1.0,9.7,202.0
22489,2025-11-28 11:00:00,5.3,347.0,6.0,1022.7,56.0,8.2,12.7,1.9,1.4,1.0,9.8,233.0
22489,2025-11-28 12:00:00,3.4,317.0,4.3,1022.4,53.0,8.2,12.8,4.9,1.9,0.9,,322.0
22489,2025-11-28 13:00:00,3.7,316.0,4.3,1021.8,57.0,8.3,12.9,2.3,1.6,1.1,8.6,326.0
22489,2025-11-28 14:00:00,2.6,326.0,4.0,1021.5,54.0,8.2,13.0,2.0,1.5,1.1,8.5,310.0
22489,2025-11-28 15:00:00,3.2,5.0,3.6,1021.5,59.0,8.2,13.1,2.0,1.3,0.9,9.8,297.0
22489,2025-11-28 16:00:00,2.1,71.0,2.5,1021.6,60.0,8.3,12.9,1.9,1.4,0.7,9.0,336.0
22489,2025-11-28 17:00:00,1.7,351.0,2.1,1021.6,59.0,8.2,12.7,1.4,1.1,0.8,8.7,321.0
22489,2025-11-28 18:00:00,3.1,18.0,3.6,1021.6,65.0,8.0,12.9,1.7,1.2,0.7,9.1,312.0
22489,2025-11-28 19:00:00,2.5,66.0,2.6,1022.0,65.0,8.0,13.1,1.3,1.1,0.6,9.3,340.0
22489,2025-11-28 20:00:00,3.2,80.0,3.9,1021.6,67.0,8.0,12.8,1.3,1.0,0.7,8.6,329.0
22489,2025-11-28 21:00:00,3.1,79.0,5.0,1021.4,66.0,8.0,12.8,1.3,1.0,0.6,7.1,318.0
22489,2025-11-28 22:00:00,1.7,101.0,2.0,1021.5,62.0,7.9,12.8,1.2,0.9,0.5,8.0,345.0
22489,2025-11-28 23:00:00,2.0,71.0,3.2,1021.1,62.0,7.5,12.9,1.2,0.7,0.6,7.3,325.0
22489,2025-11-29 00:00:00,2.8,138.0,3.3,1021.1,62.0,7.5,12.6,0.8,0.7,0.4,7.0,309.0
22489,2025-11-29 01:00:00,2.4,132.0,3.4,1020.9,71.0,7.6,12.5,0.7,0.5,0.4,7.5,332.0
22489,2025-11-29 02:00:00,2.1,146.0,3.3,1020.7,66.0,8.1,12.6,0.9,0.6,0.4,7.0,326.0
22489,2025-11-29 03:00:00,4.8,130.0,4.8,1020.2,74.0,8.2,12.8,0.9,0.5,0.3,8.1,291.0
22489,2025-11-29 04:00:00,4.9,107.0,5.2,1019.8,82.0,7.4,12.7,0.7,0.6,0.4,6.8,343.0
22489,2025-11-29 05:00:00,5.3,116.0,5.4,1019.2,84.0,7.4,12.9,0.7,0.4,0.3,5.7,330.0
22489,2025-11-29 06:00:00,5.6,120.0,6.1,1018.8,84.0,7.1,12.8,0.8,0.5,0.3,7.8,259.0
22489,2025-11-29 07:00:00,5.5,111.0,6.2,1018.8,83.0,7.2,12.8,0.8,0.5,0.4,6.3,119.0
22489,2025-11-29 08:00:00,6.7,129.0,7.5,1018.7,77.0,8.1,12.7,0.7,0.5,0.3,6.1,151.0
22489,2025-11-29 09:00:00,7.7,128.0,7.7,1018.4,78.0,8.4,12.6,1.1,0.6,0.4,5.7,150.0
22489,2025-11-29 10:00:00,7.6,132.0,8.4,1018.1,75.0,9.4,12.6,0.6,0.5,0.4,8.4,137.0
22489,2025-11-29 11:00:00,6.9,0.0,7.3,1018.1,78.0,10.8,12.6,0.4,0.4,0.4,7.8,203.0
22489,2025-11-29 12:00:00,5.8,141.0,7.0,1017.3,77.0,11.7,12.8,1.1,0.7,0.5,7.8,192.0
22489,2025-11-29 13:00:00,6.0,0.0,6.8,1016.4,76.0,13.6,12.9,1.1,0.6,0.5,5.9,197.0
22489,2025-11-29 14:00:00,7.1,182.0,7.2,1015.8,73.0,14.2,12.9,1.3,0.8,0.5,7.4,225.0
22489,2025-11-29 15:00:00,7.1,193.0,7.3,1015.5,76.0,14.4,13.0,1.2,0.9,0.6,7.2,216.0
22489,2025-11-29 16:00:00,5.5,191.0,6.3,1015.5,77.0,14.4,13.0,1.6,1.1,0.8,8.9,213.0
22489,2025-11-29 17:00:00,5.2,192.0,5.5,1015.7,77.0,14.6,12.9,1.6,1.1,0.9,6.4,236.0
22489,2025-11-29 18:00:00,5.1,178.0,5.4,1015.7,79.0,14.5,12.9,1.6,1.1,0.7,8.8,254.0
22489,2025-11-29 19:00:00,4.1,189.0,4.4,1016.1,81.0,14.4,12.7,1.6,1.0,0.7,8.7,241.0
22489,2025-11-29 20:00:00,4.5,187.0,4.5,1016.2,82.0,14.4,12.7,1.5,0.9,0.5,8.1,280.0
22489,2025-11-29 21:00:00,3.7,185.0,4.2,1016.4,83.0,14.3,12.7,1.7,1.1,0.7,8.0,263.0
22489,2025-11-29 22:00:00,3.7,207.0,3.9,1016.8,85.0,14.2,12.7,1.9,1.2,0.9,8.1,255.0
22489,2025-11-29 23:00:00,3.1,224.0,3.6,1016.8,90.0,13.8,12.6,1.5,1.1,0.5,9.2,280.0
22489,2025-11-30 00:00:00,4.4,195.0,4.5,1016.8,88.0,13.9,12.5,1.6,1.2,0.8,8.6,264.0
22489,2025-11-30 01:00:00,4.9,209.0,4.9,1016.8,87.0,14.0,12.5,1.1,0.9,0.6,8.3,253.0
22489,2025-11-30 02:00:00,3.3,211.0,3.4,1017.0,89.0,13.7,12.7,1.6,1.1,0.6,8.1,273.0
22489,2025-11-30 03:00:00,2.6,207.0,3.3,1016.8,90.0,13.6,12.8,1.7,1.0,0.8,7.8,262.0
22489,2025-11-30 04:00:00,2.8,208.0,2.8,1016.5,91.0,13.5,12.8,1.6,0.9,0.6,8.8,235.0
22489,2025-11-30 05:00:00,3.2,227.0,3.2,1016.4,91.0,13.4,12.7,1.3,1.0,0.6,8.3,273.0
22489,2025-11-30 06:00:00,2.8,194.0,2.8,1016.8,92.0,13.3,12.7,1.5,0.9,0.5,7.8,256.0
22489,2025-11-30 07:00:00,1.8,178.0,2.4,1016.9,90.0,13.3,12.8,1.3,0.7,0.6,8.5,227.0
22489,2025-11-30 08:00:00,3.1,128.0,3.6,1017.2,93.0,12.4,12.7,1.2,0.9,0.5,7.7,280.0
22489,2025-11-30 09:00:00,2.8,135.0,3.5,1017.3,93.0,12.4,12.6,1.0,0.7,0.5,7.7,264.0
22489,2025-11-30 10:00:00,3.7,134.0,3.9,1017.1,94.0,12.9,12.6,1.5,0.8,0.6,8.1,238.0
22489,2025-11-30 11:00:00,4.0,148.0,4.4,1016.8,91.0,13.5,12.7,1.0,0.8,0.5,8.0,283.0
22489,2025-11-30 12:00:00,3.0,211.0,3.8,1016.3,83.0,14.4,12.8,0.5,0.5,0.5,6.3,257.0
22489,2025-11-30 13:00:00,4.3,204.0,5.0,1015.7,86.0,14.5,12.8,0.5,0.5,0.5,7.0,228.0
22489,2025-11-30 14:00:00,4.7,219.0,4.7,1015.1,87.0,14.5,13.0,0.5,0.5,0.5,6.7,220.0
22489,2025-11-30 15:00:00,2.9,214.0,3.5,1015.7,87.0,14.4,13.0,1.3,0.6,0.4,7.8,272.0
22489,2025-11-30 16:00:00,4.0,198.0,4.0,1015.4,89.0,14.3,13.0,1.1,0.7,0.4,8.9,240.0
22489,2025-11-30 17:00:00,2.8,212.0,3.1,1015.4,91.0,14.1,13.1,1.0,0.6,0.4,8.2,232.0
22489,2025-11-30 18:00:00,3.5,188.0,3.6,1015.7,93.0,13.8,13.0,0.9,0.6,0.4,6.2,254.0
22489,2025-11-30 19:00:00,4.0,196.0,4.0,1015.9,92.0,13.9,12.9,0.9,0.6,0.4,6.3,248.0
22489,2025-11-30 20:00:00,3.4,222.0,3.6,1016.2,92.0,13.7,12.7,0.9,0.6,0.4,6.8,250.0
22489,2025-11-30 21:00:00,3.2,215.0,3.9,1016.4,93.0,13.6,12.7,0.8,0.5,0.3,5.8,269.0
22489,2025-11-30 22:00:00,3.4,209.0,3.8,1016.6,94.0,13.5,12.6,1.3,0.5,0.3,7.6,249.0
22489,2025-11-30 23:00:00,3.8,215.0,3.8,1016.9,95.0,13.5,12.6,0.8,0.4,0.3,7.6,264.0
22489,2025-12-01 00:00:00,4.0,253.0,4.4,1017.1,91.0,13.9,12.6,0.8,0.5,0.3,7.8,279.0
22489,2025-12-01 01:00:00,3.9,296.0,4.0,1017.7,96.0,13.5,12.5,0.7,0.5,0.3,6.4,264.0
22489,2025-12-01 02:00:00,4.1,323.0,4.2,1018.0,91.0,13.7,12.6,0.9,0.6,0.4,8.7,253.0
22489,2025-12-01 03:00:00,8.9,341.0,9.3,1018.5,81.0,12.9,12.6,0.9,0.6,0.4,6.5,277.0
22489,2025-12-01 04:00:00,7.7,355.0,9.5,1018.8,75.0,12.5,12.8,1.0,0.7,0.5,5.5,287.0
22489,2025-12-01 05:00:00,9.2,348.0,9.2,1019.3,75.0,11.7,12.8,1.1,1.0,0.7,5.0,313.0
22489,2025-12-01 06:00:00,9.1,357.0,10.1,1019.7,71.0,11.2,12.8,0.6,0.6,0.6,5.2,333.0
22489,2025-12-01 07:00:00,8.8,1.0,9.7,1020.5,63.0,11.0,12.8,0.6,0.6,0.7,5.5,312.0
22489,2025-12-01 08:00:00,8.3,11.0,9.5,1020.9,52.0,11.0,12.5,1.7,1.4,1.4,6.7,297.0
22489,2025-12-01 09:00:00,8.8,8.0,9.7,1021.1,53.0,10.9,12.5,1.7,1.8,1.6,5.0,358.0
22489,2025-12-01 10:00:00,7.1,8.0,7.9,1021.7,51.0,10.8,12.5,2.2,1.8,1.3,8.0,352.0
22489,2025-12-01 11:00:00,6.6,346.0,7.7,1021.5,38.0,10.8,12.6,2.4,1.6,1.3,8.1,307.0
22489,2025-12-01 12:00:00,7.6,343.0,8.4,1021.1,54.0,10.6,12.6,2.3,1.9,1.2,7.8,
22489,2025-12-01 13:00:00,7.8,346.0,8.4,1020.7,57.0,10.1,12.6,1.8,1.7,1.1,8.6,324.0
22489,2025-12-01 14:00:00,7.8,359.0,8.3,1020.1,60.0,9.9,12.6,,,,,
22489,2025-12-01 15:00:00,7.9,0.0,8.7,1020.4,64.0,10.0,12.7,,,,,
22489,2025-12-01 16:00:00,8.2,5.0,8.7,1020.3,61.0,9.6,12.7,2.2,1.5,0.8,8.1,351.0
22489,2025-12-01 17:00:00,7.2,12.0,8.5,1020.9,59.0,9.5,12.7,1.5,1.1,0.7,6.0,329.0
22489,2025-12-01 18:00:00,5.9,13.0,7.7,1020.7,59.0,9.5,12.7,1.2,1.0,0.7,5.4,297.0
22489,2025-12-01 19:00:00,5.8,14.0,6.2,1021.0,51.0,9.5,12.6,1.4,1.3,0.8,5.5,343.0
22489,2025-12-01 20:00:00,6.3,19.0,6.7,1020.6,52.0,9.4,12.6,,1.4,1.0,,332.0
22489,2025-12-01 21:00:00,5.8,21.0,6.9,1020.5,59.0,9.7,12.5,5.4,1.4,1.0,45.2,333.0
22489,2025-12-01 22:00:00,8.3,358.0,8.3,1020.7,62.0,9.7,12.4,1.2,1.0,1.0,5.9,324.0
22489,2025-12-01 23:00:00,9.5,357.0,9.6,1020.7,61.0,9.5,12.4,1.9,1.5,1.0,8.3,
22489,2025-12-02 00:00:00,8.9,5.0,9.1,1021.0,65.0,9.5,12.4,1.2,1.1,1.0,5.7,
22489,2025-12-02 01:00:00,9.5,4.0,9.5,1021.3,62.0,9.3,12.3,3.9,1.6,0.9,8.2,56.0
22489,2025-12-02 02:00:00,8.3,9.0,9.1,1021.4,61.0,9.0,12.4,1.3,1.2,0.7,,355.0
22489,2025-12-02 03:00:00,9.7,1.0,10.0,1021.3,63.0,9.0,12.4,1.6,1.1,0.9,6.3,303.0
22489,2025-12-02 04:00:00,9.0,5.0,10.4,1021.5,64.0,8.9,12.5,1.4,1.0,0.9,5.9,319.0
22489,2025-12-02 05:00:00,9.5,21.0,9.7,1021.2,68.0,8.4,12.6,2.1,1.7,1.7,6.7,350.0
22489,2025-12-02 06:00:00,7.8,37.0,8.6,1021.3,67.0,7.6,12.5,1.7,1.4,0.9,6.4,334.0
22489,2025-12-02 07:00:00,7.1,28.0,8.0,1021.2,64.0,7.0,12.5,1.7,1.3,1.2,6.3,350.0
22489,2025-12-02 08:00:00,7.4,53.0,7.4,1021.2,61.0,6.9,12.4,1.3,0.9,0.7,7.3,309.0
22489,2025-12-02 09:00:00,6.6,25.0,7.7,1022.2,65.0,7.2,12.4,1.7,1.2,0.8,8.2,340.0
22489,2025-12-02 10:00:00,7.1,36.0,9.5,1023.3,64.0,7.4,12.2,2.4,1.3,0.9,9.1,318.0
22489,2025-12-02 11:00:00,9.4,19.0,9.4,1023.4,65.0,7.3,12.1,1.5,1.5,1.3,6.0,
22489,2025-12-02 12:00:00,8.4,18.0,10.5,1022.9,64.0,7.0,12.2,0.6,0.6,0.5,3.9,310.0
22489,2025-12-02 13:00:00,9.7,5.0,9.8,1022.6,65.0,7.5,12.2,1.6,1.6,1.3,5.8,320.0
22489,2025-12-02 14:00:00,8.6,6.0,10.0,1022.9,64.0,6.6,12.2,,1.8,1.0,11.1,300.0
22489,2025-12-02 15:00:00,8.8,17.0,11.3,1022.6,63.0,6.7,12.2,2.1,1.4,1.0,6.7,302.0
22489,2025-12-02 16:00:00,9.8,15.0,9.8,1023.2,63.0,6.3,12.3,1.9,1.8,1.2,8.5,339.0
22489,2025-12-02 17:00:00,9.6,5.0,10.0,1023.6,67.0,6.5,12.4,1.2,1.2,0.7,4.7,289.0
22489,2025-12-02 18:00:00,10.1,16.0,10.6,1024.2,67.0,6.1,12.3,1.4,1.2,0.9,5.2,280.0
22489,2025-12-02 19:00:00,8.8,23.0,10.3,1024.8,69.0,5.7,12.2,1.7,1.9,2.0,6.3,285.0
22489,2025-12-02 20:00:00,9.6,351.0,10.9,1024.7,68.0,6.0,12.2,1.5,1.5,1.0,8.1,352.0
22489,2025-12-02 21:00:00,9.2,18.0,9.8,1025.1,69.0,5.8,12.2,2.1,1.7,1.0,6.6,328.0
22489,2025-12-02 22:00:00,9.3,2.0,10.2,1025.7,68.0,5.7,12.2,1.9,2.0,1.3,8.3,338.0
22489,2025-12-02 23:00:00,9.5,358.0,9.8,1025.2,68.0,5.3,12.2,2.5,1.9,1.5,8.7,238.0
22489,2025-12-03 00:00:00,9.8,351.0,10.6,1025.0,69.0,5.4,12.0,2.4,2.3,1.6,,329.0
22489,2025-12-03 01:00:00,10.2,343.0,10.3,1024.7,73.0,5.1,12.0,,3.0,1.7,,
22489,2025-12-03 02:00:00,9.6,348.0,10.2,1024.9,73.0,4.7,12.1,,1.9,1.3,,279.0
22489,2025-12-03 03:00:00,10.3,346.0,11.0,1025.0,72.0,5.0,12.0,2.4,1.8,1.1,9.3,328.0
22489,2025-12-03 04:00:00,9.4,349.0,10.4,1025.0,70.0,4.1,11.9,1.9,1.8,1.1,7.9,318.0
22489,2025-12-03 05:00:00,8.1,325.0,10.4,1024.6,64.0,4.5,12.0,,,,,
22489,2025-12-03 06:00:00,8.8,346.0,9.5,1024.3,65.0,4.3,11.8,,,,,
22489,2025-12-03 07:00:00,8.7,6.0,9.4,1024.3,81.0,3.7,11.6,2.0,1.9,1.1,7.2,309.0
22489,2025-12-03 08:00:00,8.0,41.0,8.0,1024.7,95.0,0.1,11.4,1.9,1.9,1.1,8.0,
22489,2025-12-03 09:00:00,6.8,59.0,7.4,1025.3,98.0,0.0,11.7,1.8,1.4,1.0,8.7,351.0
22489,2025-12-03 10:00:00,6.3,48.0,6.6,1025.5,92.0,-0.2,11.8,4.5,2.4,1.3,,266.0
22489,2025-12-03 11:00:00,2.8,52.0,4.3,1025.3,85.0,0.3,11.7,2.5,1.3,1.1,10.0,359.0
22489,2025-12-03 12:00:00,4.6,286.0,4.6,1024.3,97.0,1.8,11.8,,1.4,1.2,,359.0
22489,2025-12-03 13:00:00,15.1,323.0,15.1,1023.2,93.0,3.4,11.8,3.5,1.8,1.4,8.8,340.0
22489,2025-12-03 14:00:00,6.6,359.0,7.8,1023.9,85.0,2.7,11.8,3.7,2.6,1.4,9.0,
22489,2025-12-03 15:00:00,9.3,27.0,10.6,1024.4,86.0,2.5,11.6,1.6,1.4,1.2,5.6,
22489,2025-12-03 16:00:00,7.2,12.0,8.1,1025.4,96.0,1.3,11.5,2.4,2.0,1.4,9.1,301.0
22489,2025-12-03 17:00:00,9.1,1.0,10.3,1026.0,79.0,4.0,11.5,2.6,2.3,1.8,9.6,320.0
22489,2025-12-03 18:00:00,7.6,15.0,9.0,1026.8,94.0,2.2,11.6,2.4,1.6,1.2,8.3,304.0
22489,2025-12-03 19:00:00,10.6,329.0,11.3,1027.2,69.0,4.8,11.4,2.9,2.6,1.5,9.9,283.0
22489,2025-12-03 20:00:00,6.1,349.0,10.2,1027.8,90.0,2.7,11.2,3.2,2.6,1.6,10.3,333.0
22489,2025-12-03 21:00:00,9.9,334.0,10.7,1027.5,70.0,4.9,11.3,2.4,2.1,1.9,6.6,339.0
22489,2025-12-03 22:00:00,8.8,338.0,11.9,1027.3,63.0,5.2,11.4,2.9,2.1,1.5,9.6,300.0
22489,2025-12-03 23:00:00,9.6,343.0,10.7,1027.1,67.0,5.1,11.4,3.2,2.0,1.4,11.6,286.0
22489,2025-12-04 00:00:00,9.4,323.0,11.0,1027.0,64.0,5.1,11.3,3.5,1.8,1.4,10.8,305.0
22489,2025-12-04 01:00:00,9.6,338.0,10.0,1026.7,55.0,5.3,11.3,2.2,1.9,1.2,10.2,357.0
22489,2025-12-04 02:00:00,10.2,344.0,10.2,1026.6,63.0,5.3,11.3,4.2,2.4,1.4,11.0,302.0
22489,2025-12-04 03:00:00,8.3,346.0,8.9,1026.7,62.0,5.5,11.3,2.9,1.9,1.4,9.6,333.0
22489,2025-12-04 04:00:00,5.0,81.0,5.7,1027.0,81.0,2.7,10.9,2.1,1.9,1.3,8.7,315.0
22489,2025-12-04 05:00:00,4.6,110.0,4.9,1026.9,84.0,2.0,10.9,2.6,1.6,1.0,9.8,326.0
22489,2025-12-04 06:00:00,4.6,111.0,5.4,1027.2,84.0,1.4,11.2,1.9,1.4,1.2,7.3,314.0
22489,2025-12-04 07:00:00,4.5,91.0,5.8,1027.3,81.0,1.4,10.9,3.0,2.1,1.2,13.9,287.0
22489,2025-12-04 08:00:00,4.3,81.0,4.6,1027.3,82.0,1.7,10.7,2.1,1.8,1.0,8.8,291.0
22489,2025-12-04 09:00:00,3.8,98.0,4.7,1027.7,76.0,1.9,10.9,2.1,1.4,0.9,7.5,310.0
22489,2025-12-04 10:00:00,3.8,102.0,4.8,1028.1,77.0,1.9,10.9,1.7,1.5,0.9,6.9,313.0
22489,2025-12-04 11:00:00,4.2,87.0,4.8,1028.2,78.0,2.4,11.1,2.1,1.3,0.7,8.8,306.0
22489,2025-12-04 12:00:00,4.5,91.0,4.5,1027.4,78.0,2.7,11.2,1.6,1.3,0.8,9.0,303.0
22489,2025-12-04 13:00:00,2.9,83.0,3.8,1026.6,74.0,3.1,11.3,1.7,1.3,0.9,9.5,307.0
22489,2025-12-04 14:00:00,1.1,86.0,2.5,1026.0,73.0,3.5,11.4,1.6,1.2,0.8,8.0,315.0
22489,2025-12-04 15:00:00,2.2,83.0,2.8,1025.3,72.0,4.1,11.5,1.8,1.2,0.7,8.3,343.0
22489,2025-12-04 16:00:00,1.2,142.0,2.2,1025.4,66.0,4.8,11.4,1.8,1.0,0.8,7.7,333.0
22489,2025-12-04 17:00:00,2.0,116.0,2.2,1025.1,66.0,5.3,11.1,1.7,1.0,0.7,7.8,322.0
22489,2025-12-04 18:00:00,3.5,139.0,4.1,1025.1,70.0,5.5,10.9,1.4,0.9,0.6,7.1,330.0
22489,2025-12-04 19:00:00,3.8,186.0,4.5,1025.2,70.0,6.2,11.1,1.1,0.8,0.5,7.2,317.0
22489,2025-12-04 20:00:00,3.9,187.0,4.4,1025.1,76.0,6.8,11.0,1.4,1.0,0.6,6.5,263.0
22489,2025-12-04 21:00:00,3.1,347.0,7.8,1024.9,59.0,9.2,11.0,1.1,0.8,0.6,6.8,258.0
22489,2025-12-04 22:00:00,10.2,314.0,12.2,1025.2,53.0,9.8,11.0,,,,,
22489,2025-12-04 23:00:00,10.5,343.0,11.2,1025.5,62.0,9.0,11.0,1.6,1.7,1.5,8.3,327.0
22489,2025-12-05 00:00:00,11.1,331.0,13.2,1026.0,61.0,8.5,11.0,1.7,1.8,1.4,9.2,338.0
22489,2025-12-05 01:00:00,10.9,334.0,13.1,1026.3,61.0,7.6,11.0,3.5,2.2,1.5,12.4,351.0
22489,2025-12-05 02:00:00,10.8,329.0,11.2,1026.8,55.0,7.1,11.0,4.7,3.0,2.1,8.0,323.0
22489,2025-12-05 03:00:00,9.9,332.0,11.6,1027.2,60.0,6.8,10.9,3.2,2.7,1.7,8.9,295.0
22489,2025-12-05 04:00:00,8.9,339.0,10.5,1027.4,59.0,6.3,10.7,2.9,2.5,1.5,9.4,310.0
22489,2025-12-05 05:00:00,9.3,357.0,10.9,1028.1,58.0,6.3,10.8,2.2,2.0,1.4,8.3,341.0
22489,2025-12-05 06:00:00,10.1,355.0,11.1,1028.4,55.0,6.3,10.6,2.3,2.1,1.5,7.6,321.0
22489,2025-12-05 07:00:00,7.8,56.0,8.7,1029.1,72.0,4.5,10.8,2.7,2.4,1.7,9.4,295.0
22489,2025-12-05 08:00:00,5.5,73.0,5.7,1029.7,74.0,3.1,10.4,2.9,1.8,1.3,9.3,294.0
22489,2025-12-05 09:00:00,4.0,128.0,5.5,1030.3,71.0,2.9,10.2,2.8,1.8,1.3,8.2,309.0
22489,2025-12-05 10:00:00,2.0,70.0,2.7,1030.6,70.0,4.1,10.5,2.8,2.3,1.3,10.3,297.0
22489,2025-12-05 11:00:00,5.4,67.0,5.7,1030.2,68.0,4.6,10.6,2.4,1.6,1.0,9.4,344.0
22489,2025-12-05 12:00:00,4.5,54.0,4.6,1029.5,68.0,4.4,10.7,2.2,1.5,1.1,9.9,329.0
22489,2025-12-05 13:00:00,5.3,22.0,5.7,1028.6,64.0,4.6,10.9,2.5,1.5,1.0,10.9,317.0
22489,2025-12-05 14:00:00,4.9,42.0,6.3,1027.7,62.0,4.4,11.0,3.0,2.0,1.1,11.9,348.0
22489,2025-12-05 15:00:00,5.4,30.0,5.7,1027.0,63.0,4.4,11.1,2.8,1.8,1.2,10.2,314.0
22489,2025-12-05 16:00:00,4.0,48.0,5.0,1027.2,63.0,4.3,11.0,2.4,1.8,1.4,9.7,302.0
22489,2025-12-05 17:00:00,2.7,26.0,4.2,1027.3,62.0,4.4,10.9,2.0,1.7,1.0,8.3,346.0
22489,2025-12-05 18:00:00,3.9,67.0,4.4,1027.3,60.0,4.7,10.6,1.7,1.2,1.1,8.7,308.0
22489,2025-12-05 19:00:00,3.2,39.0,4.1,1027.2,55.0,4.9,10.5,1.9,1.6,1.0,8.6,287.0
22489,2025-12-05 20:00:00,3.2,64.0,3.7,1027.2,63.0,4.8,10.5,1.4,1.1,0.8,8.9,327.0
22489,2025-12-05 21:00:00,3.0,41.0,3.5,1026.8,57.0,4.7,10.6,1.4,0.9,0.7,8.1,320.0
22489,2025-12-05 22:00:00,3.8,89.0,4.8,1026.5,60.0,4.1,10.5,1.4,0.8,0.6,7.4,321.0
22489,2025-12-05 23:00:00,3.6,131.0,4.5,1026.2,60.0,3.8,10.5,1.1,0.9,0.6,8.2,335.0
22489,2025-12-06 00:00:00,3.0,92.0,3.5,1025.9,57.0,4.1,10.4,1.0,0.8,0.5,7.5,270.0
22489,2025-12-06 01:00:00,2.1,85.0,2.5,1025.5,59.0,4.3,10.3,1.2,0.7,0.5,8.5,320.0
22489,2025-12-06 02:00:00,2.3,73.0,2.9,1024.8,64.0,4.4,10.5,1.1,0.6,0.4,7.9,301.0
22489,2025-12-06 03:00:00,2.6,117.0,3.0,1024.8,57.0,4.2,10.4,1.0,0.6,0.4,8.4,
22489,2025-12-06 04:00:00,3.1,74.0,3.2,1024.3,62.0,4.3,10.4,1.0,0.6,0.4,10.6,
22489,2025-12-06 05:00:00,2.2,99.0,2.4,1024.4,66.0,4.1,10.2,1.0,0.5,0.3,6.9,328.0
22489,2025-12-06 06:00:00,3.8,112.0,4.0,1024.2,66.0,4.3,10.3,2.5,0.7,0.4,,322.0
22489,2025-12-06 07:00:00,4.3,110.0,5.0,1024.6,70.0,4.0,10.3,0.8,0.4,0.3,6.7,285.0
22489,2025-12-06 08:00:00,6.5,133.0,6.8,1024.5,69.0,4.2,10.3,0.6,0.4,0.3,7.0,288.0
22489,2025-12-06 09:00:00,7.0,125.0,7.0,1024.1,65.0,4.4,10.3,0.8,0.5,0.3,6.2,192.0
22489,2025-12-06 10:00:00,7.6,121.0,7.6,1023.8,67.0,5.0,10.4,1.4,0.7,0.5,10.9,129.0
22489,2025-12-06 11:00:00,6.9,125.0,7.7,1023.1,71.0,5.9,10.4,0.9,0.5,0.4,6.4,69.0
22489,2025-12-06 12:00:00,7.9,131.0,7.9,1021.6,71.0,7.0,10.3,0.7,0.4,0.3,5.7,41.0
22489,2025-12-06 13:00:00,5.4,190.0,6.5,1020.9,69.0,9.2,10.9,0.5,0.3,0.2,7.5,20.0
22489,2025-12-06 14:00:00,7.2,184.0,7.6,1020.1,71.0,9.6,10.8,0.7,0.3,0.2,9.9,18.0
22489,2025-12-06 15:00:00,6.3,178.0,7.7,1019.5,71.0,10.5,10.9,0.7,0.5,0.3,4.9,27.0
22489,2025-12-06 16:00:00,6.6,177.0,6.9,1019.6,74.0,11.0,11.0,0.8,0.8,0.4,3.2,44.0
22489,2025-12-06 17:00:00,5.5,192.0,6.1,1019.9,78.0,11.4,10.9,0.7,0.6,0.4,5.2,350.0
22489,2025-12-06 18:00:00,5.9,212.0,6.9,1020.0,75.0,12.1,10.9,1.1,0.9,0.5,7.5,288.0
22489,2025-12-06 19:00:00,6.6,222.0,6.6,1020.5,73.0,12.2,10.5,1.0,1.0,0.7,7.9,254.0
22489,2025-12-06 20:00:00,5.4,232.0,5.8,1020.8,74.0,12.0,10.5,2.0,1.4,0.9,9.3,254.0
22489,2025-12-06 21:00:00,4.8,242.0,5.1,1020.7,73.0,11.9,10.5,2.2,1.4,1.0,10.0,256.0
22489,2025-12-06 22:00:00,4.7,242.0,5.1,1021.4,76.0,11.9,10.6,2.3,1.6,1.0,7.4,254.0
22489,2025-12-06 23:00:00,5.0,236.0,6.5,1021.4,75.0,12.1,10.7,2.7,1.6,1.1,7.6,245.0
22489,2025-12-07 00:00:00,4.4,241.0,4.5,1021.5,78.0,12.1,10.7,2.0,1.6,1.0,8.2,294.0
22489,2025-12-07 01:00:00,4.2,243.0,4.5,1021.5,81.0,11.9,10.7,1.9,1.3,1.0,9.0,293.0
22489,2025-12-07 02:00:00,3.5,253.0,3.7,1021.6,84.0,11.8,10.4,2.3,1.4,0.9,9.6,273.0
22489,2025-12-07 03:00:00,2.4,258.0,2.7,1021.6,86.0,11.6,10.6,1.8,1.3,0.7,7.9,307.0
22489,2025-12-07 04:00:00,2.4,244.0,2.4,1021.1,83.0,11.7,10.6,1.9,1.4,0.8,7.1,291.0
22489,2025-12-07 05:00:00,2.9,271.0,3.0,1021.2,86.0,11.7,10.4,2.4,1.3,0.8,8.7,280.0
22489,2025-12-07 06:00:00,0.7,255.0,1.0,1021.7,87.0,11.4,10.4,2.6,1.2,0.8,8.6,306.0
22489,2025-12-07 07:00:00,1.4,218.0,1.5,1022.0,88.0,11.2,10.4,1.8,1.3,0.9,9.5,305.0
22489,2025-12-07 08:00:00,1.7,259.0,1.8,1022.4,80.0,11.9,10.5,,1.8,1.1,,313.0
22489,2025-12-07 09:00:00,2.2,116.0,2.8,1022.8,89.0,10.7,10.7,2.0,1.2,1.0,8.8,279.0
22489,2025-12-07 10:00:00,2.8,145.0,3.6,1022.9,91.0,10.5,10.4,1.6,1.0,0.7,7.9,248.0
22489,2025-12-07 11:00:00,2.3,187.0,2.5,1022.4,85.0,11.6,10.7,1.7,1.2,0.7,8.3,273.0
22489,2025-12-07 12:00:00,3.7,208.0,3.9,1022.0,83.0,12.1,11.3,1.8,1.0,0.7,8.6,307.0
22489,2025-12-07 13:00:00,4.4,199.0,4.7,1021.0,86.0,12.2,10.9,1.3,0.8,0.5,7.3,321.0
22489,2025-12-07 14:00:00,4.3,207.0,4.6,1020.4,87.0,12.5,10.8,1.2,0.8,0.5,8.6,290.0
22489,2025-12-07 15:00:00,3.5,216.0,3.7,1020.3,88.0,12.4,11.1,1.2,0.7,0.5,8.5,305.0
22489,2025-12-07 16:00:00,3.6,205.0,3.8,1020.4,89.0,12.3,11.0,1.5,0.9,0.5,15.7,287.0
22489,2025-12-07 17:00:00,2.7,221.0,2.9,1020.4,89.0,12.2,10.8,1.4,0.8,0.6,7.5,296.0
22489,2025-12-07 18:00:00,3.0,195.0,3.3,1020.6,92.0,12.1,10.8,1.4,0.8,0.6,6.6,339.0
22489,2025-12-07 19:00:00,3.9,248.0,4.8,1021.2,82.0,12.8,10.9,1.1,0.7,0.4,6.5,299.0
22489,2025-12-07 20:00:00,3.0,253.0,3.2,1021.7,88.0,12.4,10.9,1.0,0.8,0.9,6.5,288.0
22489,2025-12-07 21:00:00,2.0,299.0,2.0,1022.0,93.0,11.6,10.7,1.3,1.0,0.6,6.8,261.0
22489,2025-12-07 22:00:00,7.0,335.0,7.5,1022.4,86.0,12.0,10.7,1.1,0.9,0.6,6.1,287.0
22489,2025-12-07 23:00:00,8.1,347.0,8.6,1023.0,62.0,12.1,10.8,1.5,1.0,0.6,6.5,256.0
22489,2025-12-08 00:00:00,7.9,338.0,8.6,1023.5,64.0,11.7,10.8,1.7,1.0,0.8,6.6,334.0
22489,2025-12-08 01:00:00,8.6,344.0,8.9,1023.6,62.0,11.5,10.7,1.5,1.0,0.7,7.0,304.0
22489,2025-12-08 02:00:00,10.2,341.0,10.2,1023.8,55.0,11.3,10.7,1.7,1.5,1.1,7.6,293.0
22489,2025-12-08 03:00:00,10.0,356.0,10.8,1024.3,57.0,11.0,10.7,1.9,1.5,1.1,7.2,314.0
22489,2025-12-08 04:00:00,9.5,339.0,10.6,1024.6,56.0,10.9,10.8,1.4,1.4,1.4,6.0,315.0
22489,2025-12-08 05:00:00,9.9,345.0,11.0,1024.9,56.0,10.4,10.8,1.5,1.4,1.2,6.1,338.0
22489,2025-12-08 06:00:00,8.8,345.0,9.7,1025.6,50.0,10.2,10.7,1.9,1.5,1.2,5.9,323.0
22489,2025-12-08 07:00:00,8.1,349.0,10.6,1026.3,42.0,10.0,10.6,2.5,2.0,1.1,7.7,274.0
22489,2025-12-08 08:00:00,7.7,352.0,9.8,1027.0,42.0,9.8,10.5,1.5,1.3,1.0,6.2,262.0
22489,2025-12-08 09:00:00,6.0,37.0,7.5,1027.7,52.0,8.9,10.5,1.9,1.8,1.6,8.6,313.0
22489,2025-12-08 10:00:00,5.5,32.0,7.2,1028.4,50.0,8.7,10.5,2.7,1.9,1.2,13.1,277.0
22489,2025-12-08 11:00:00,5.4,34.0,6.9,1028.5,51.0,8.8,10.4,2.7,2.2,1.3,14.1,300.0
22489,2025-12-08 12:00:00,6.4,350.0,8.1,1028.4,48.0,9.0,10.6,2.6,2.2,1.2,13.6,328.0
22489,2025-12-08 13:00:00,7.5,346.0,9.5,1028.0,41.0,8.7,10.7,0.1,0.1,0.1,1.5,293.0
22489,2025-12-08 14:00:00,9.1,344.0,10.3,1027.6,50.0,8.6,10.7,0.1,0.1,0.1,1.3,325.0
22489,2025-12-08 15:00:00,8.3,352.0,9.8,1027.9,56.0,8.3,11.1,0.1,0.1,0.1,1.4,307.0
22489,2025-12-08 16:00:00,7.8,354.0,8.4,1028.2,54.0,8.1,10.8,3.0,1.8,1.1,9.8,323.0
22489,2025-12-08 17:00:00,7.5,348.0,8.6,1028.4,52.0,7.9,10.7,2.4,1.6,1.1,9.9,311.0
22489,2025-12-08 18:00:00,7.5,0.0,7.6,1028.0,54.0,7.8,10.6,2.5,1.8,1.1,10.1,
22489,2025-12-08 19:00:00,6.2,352.0,6.9,1028.7,57.0,7.7,10.6,2.1,1.7,1.1,10.9,
22489,2025-12-08 20:00:00,6.8,353.0,6.8,1029.0,54.0,7.6,10.8,0.7,0.7,0.5,4.0,299.0
22489,2025-12-08 21:00:00,4.6,1.0,6.6,1029.4,52.0,7.4,10.4,0.7,0.8,0.5,3.9,320.0
22489,2025-12-08 22:00:00,5.7,337.0,6.7,1029.4,54.0,7.5,10.5,0.6,0.8,0.5,3.4,312.0
22489,2025-12-08 23:00:00,5.4,355.0,5.9,1029.0,53.0,7.4,10.6,0.6,0.7,0.5,3.8,
22489,2025-12-09 00:00:00,6.3,353.0,6.3,1029.3,51.0,7.2,10.5,1.2,1.0,0.6,5.7,318.0
22489,2025-12-09 01:00:00,6.2,346.0,6.9,1028.9,55.0,7.4,10.6,1.3,1.1,0.6,5.3,347.0
22489,2025-12-09 02:00:00,7.3,353.0,7.3,1028.5,56.0,7.5,10.6,1.3,0.9,0.6,6.1,321.0
22489,2025-12-09 03:00:00,6.9,341.0,6.9,1028.5,55.0,7.5,10.5,1.2,1.0,0.6,5.9,283.0
22489,2025-12-09 04:00:00,4.8,353.0,5.8,1028.6,53.0,7.2,10.5,0.9,0.8,0.6,6.4,322.0
22489,2025-12-09 05:00:00,4.6,13.0,4.9,1028.6,54.0,7.2,10.4,0.9,0.8,0.6,6.5,356.0
22489,2025-12-09 06:00:00,4.6,18.0,5.9,1028.2,54.0,7.0,10.4,1.3,1.0,0.6,6.8,340.0
22489,2025-12-09 07:00:00,5.5,0.0,5.9,1028.3,55.0,7.1,10.5,1.4,0.7,0.6,5.7,335.0
22489,2025-12-09 08:00:00,3.0,74.0,5.5,1028.8,59.0,7.1,10.3,0.8,0.6,0.4,6.0,275.0
22489,2025-12-09 09:00:00,4.2,81.0,4.2,1029.0,64.0,5.9,10.4,1.2,0.7,0.5,9.1,261.0
22489,2025-12-09 10:00:00,3.3,95.0,4.2,1029.4,63.0,6.1,10.5,0.9,0.7,0.4,7.3,298.0
22489,2025-12-09 11:00:00,2.9,94.0,3.6,1028.9,60.0,6.6,10.4,0.9,0.6,0.4,6.8,315.0
22489,2025-12-09 12:00:00,1.7,90.0,2.5,1028.2,59.0,7.0,10.4,0.9,0.5,0.4,7.0,320.0
22489,2025-12-09 13:00:00,0.9,60.0,1.4,1027.9,56.0,7.9,10.7,0.7,0.5,0.3,7.7,316.0
22489,2025-12-09 14:00:00,1.7,327.0,2.9,1027.8,55.0,7.9,11.0,0.8,0.4,0.3,7.5,297.0
22489,2025-12-09 15:00:00,2.4,2.0,2.7,1027.6,58.0,8.1,10.5,0.6,0.4,0.2,7.1,
22489,2025-12-09 16:00:00,2.7,330.0,2.7,1027.4,59.0,8.3,10.6,0.7,0.4,0.3,8.2,280.0
22489,2025-12-09 17:00:00,1.8,12.0,2.5,1027.5,60.0,8.1,10.9,0.6,0.4,0.3,9.0,
22489,2025-12-09 18:00:00,2.0,329.0,2.5,1027.9,62.0,8.0,10.9,0.5,0.4,0.3,6.5,360.0
22489,2025-12-09 19:00:00,2.9,4.0,2.9,1027.9,66.0,7.9,10.8,0.6,0.4,0.3,7.1,331.0
22489,2025-12-09 20:00:00,2.1,41.0,2.4,1028.2,67.0,7.6,10.6,0.7,0.4,0.2,7.2,313.0
22489,2025-12-09 21:00:00,2.2,35.0,2.4,1028.4,68.0,7.6,10.3,0.6,0.3,0.2,6.5,306.0
22489,2025-12-09 22:00:00,2.4,101.0,2.5,1028.3,72.0,7.5,10.3,0.5,0.3,0.2,6.7,310.0
22489,2025-12-09 23:00:00,3.2,99.0,3.2,1028.2,70.0,7.6,10.4,0.6,0.3,0.2,6.1,327.0
22489,2025-12-10 00:00:00,3.8,117.0,4.2,1028.2,74.0,7.4,10.5,0.6,0.4,0.2,7.1,298.0
22489,2025-12-10 01:00:00,2.8,104.0,3.5,1028.2,73.0,7.2,10.4,0.5,0.4,0.3,5.8,293.0
22489,2025-12-10 02:00:00,3.0,94.0,3.3,1028.0,67.0,7.1,10.5,0.6,0.3,0.2,6.9,273.0
22489,2025-12-10 03:00:00,3.9,92.0,4.2,1027.8,69.0,7.2,10.5,0.5,0.3,0.2,6.4,348.0
22489,2025-12-10 04:00:00,3.4,129.0,3.5,1027.1,67.0,7.1,10.4,0.4,0.3,0.2,6.8,327.0
22489,2025-12-10 05:00:00,4.5,93.0,4.5,1026.8,67.0,6.7,10.3,0.5,0.3,0.2,7.1,341.0
22489,2025-12-10 06:00:00,3.1,102.0,3.5,1026.9,63.0,6.9,10.7,0.5,0.3,0.2,5.7,124.0
22489,2025-12-10 07:00:00,4.3,110.0,4.7,1027.2,64.0,6.9,10.6,0.5,0.3,0.2,5.6,309.0
22489,2025-12-10 08:00:00,4.7,128.0,5.2,1027.5,68.0,6.8,10.3,0.4,0.3,0.2,5.2,249.0
22489,2025-12-10 09:00:00,3.5,123.0,3.6,1027.5,71.0,7.0,10.3,0.4,0.3,0.2,5.6,245.0
22489,2025-12-10 10:00:00,4.5,148.0,4.6,1027.8,59.0,7.9,10.4,0.4,0.2,0.2,5.3,236.0
22489,2025-12-10 11:00:00,3.2,134.0,3.6,1027.5,64.0,8.0,10.4,0.4,0.3,0.2,4.7,225.0
22489,2025-12-10 12:00:00,3.2,132.0,3.7,1026.2,63.0,8.8,10.4,0.5,0.3,0.2,5.8,188.0
22489,2025-12-10 13:00:00,3.4,149.0,3.9,1025.0,64.0,9.2,10.5,0.4,0.2,0.2,4.7,276.0
22489,2025-12-10 14:00:00,2.6,160.0,2.9,1024.1,64.0,9.6,10.8,0.3,0.2,0.1,6.4,299.0
22489,2025-12-10 15:00:00,2.0,169.0,2.4,1023.8,63.0,10.1,11.0,0.3,0.2,0.1,5.6,358.0
22489,2025-12-10 16:00:00,1.5,160.0,1.7,1023.7,63.0,10.4,11.2,0.3,0.2,0.1,6.7,316.0
22489,2025-12-10 17:00:00,2.2,142.0,2.3,1023.4,60.0,10.7,10.9,0.3,0.2,0.1,7.6,14.0
22489,2025-12-10 18:00:00,2.8,117.0,3.0,1023.1,63.0,10.8,11.2,0.3,0.2,0.1,7.5,351.0
22489,2025-12-10 19:00:00,2.7,136.0,3.1,1022.7,66.0,10.8,11.2,0.3,0.2,0.1,7.0,327.0
22489,2025-12-10 20:00:00,3.8,141.0,4.7,1022.3,70.0,11.0,11.2,0.4,0.2,0.2,6.5,282.0
22489,2025-12-10 21:00:00,5.1,137.0,5.7,1021.8,64.0,11.1,11.1,0.5,0.3,0.2,4.7,150.0
22489,2025-12-10 22:00:00,5.7,132.0,6.6,1021.4,70.0,10.6,10.4,0.5,0.3,0.2,4.3,176.0
22489,2025-12-10 23:00:00,5.9,133.0,6.1,1021.2,71.0,10.5,10.4,0.8,0.4,0.2,9.4,185.0
22489,2025-12-11 00:00:00,5.4,136.0,6.1,1020.3,76.0,10.6,10.5,0.7,0.5,0.4,4.8,174.0
22489,2025-12-11 01:00:00,6.9,135.0,7.2,1019.5,75.0,10.7,10.4,1.1,0.5,0.4,5.1,185.0
22489,2025-12-11 02:00:00,6.2,130.0,6.6,1018.5,81.0,11.0,10.4,,,,,
22489,2025-12-11 03:00:00,4.8,133.0,5.8,1018.3,78.0,11.5,10.4,,,,,
22489,2025-12-11 04:00:00,5.3,175.0,6.3,1017.5,85.0,11.2,10.5,,,,,
22489,2025-12-11 05:00:00,4.8,152.0,4.9,1017.1,95.0,10.8,10.4,,,,,
22489,2025-12-11 06:00:00,5.4,151.0,5.9,1016.8,91.0,10.8,10.4,,,,,
22489,2025-12-11 07:00:00,2.6,121.0,3.9,1017.4,94.0,10.5,10.7,,,,,
22489,2025-12-11 08:00:00,0.9,129.0,1.9,1017.9,93.0,10.9,10.7,,,,,
22489,2025-12-11 09:00:00,4.5,327.0,5.4,1018.5,89.0,12.0,10.4,,,,,
22489,2025-12-11 10:00:00,6.3,343.0,6.4,1019.6,90.0,11.5,10.5,,,,,
22489,2025-12-11 11:00:00,7.6,349.0,7.6,1020.3,88.0,11.6,10.5,,,,,
22489,2025-12-11 12:00:00,11.2,341.0,11.9,1020.7,83.0,11.0,10.7,,,,,
22489,2025-12-11 13:00:00,11.4,352.0,11.6,1021.0,78.0,10.4,10.4,,,,,
22489,2025-12-11 14:00:00,10.7,344.0,11.7,1021.3,75.0,9.7,10.4,,,,,
22489,2025-12-11 15:00:00,11.7,343.0,12.3,1021.9,74.0,9.3,10.5,,,,,
22489,2025-12-11 16:00:00,11.5,357.0,12.1,1022.9,71.0,8.9,10.6,,,,,
22489,2025-12-11 17:00:00,11.8,346.0,12.0,1024.1,70.0,8.6,10.5,,,,,
22489,2025-12-11 18:00:00,10.1,347.0,11.6,1024.9,64.0,8.2,10.4,,,,,
22489,2025-12-11 19:00:00,11.3,358.0,11.7,1025.7,68.0,7.5,10.5,,,,,
22489,2025-12-11 20:00:00,11.0,357.0,12.0,1026.9,69.0,6.9,10.5,,,,,
22489,2025-12-11 21:00:00,10.8,352.0,11.9,1027.5,69.0,6.6,10.3,,,,,
22489,2025-12-11 22:00:00,10.3,349.0,12.0,1027.8,65.0,6.4,10.3,,,,,
22489,2025-12-11 23:00:00,9.0,11.0,10.8,1027.9,61.0,6.2,10.1,,,,,
22489,2025-12-12 00:00:00,9.3,359.0,10.1,1028.1,67.0,6.1,10.2,,,,,
22489,2025-12-12 01:00:00,9.1,1.0,10.5,1028.8,72.0,6.2,10.3,,,,,
22489,2025-12-12 02:00:00,7.7,15.0,9.3,1028.8,67.0,5.6,10.1,,,,,
22489,2025-12-12 03:00:00,7.8,14.0,8.6,1028.6,72.0,5.0,9.9,,,,,
22489,2025-12-12 04:00:00,6.9,24.0,8.2,1028.6,68.0,4.4,9.9,,,,,
22489,2025-12-12 05:00:00,7.1,16.0,8.5,1029.0,68.0,3.9,10.0,,,,,
22489,2025-12-12 06:00:00,5.3,38.0,6.0,1029.5,67.0,3.6,10.1,,,,,
22489,2025-12-12 07:00:00,6.9,24.0,8.0,1029.9,61.0,4.1,9.8,,,,,
22489,2025-12-12 08:00:00,6.7,18.0,6.7,1030.2,56.0,4.2,9.9,,,,,
22489,2025-12-12 09:00:00,4.8,17.0,5.3,1031.1,67.0,4.3,9.8,,,,,
22489,2025-12-12 10:00:00,4.7,27.0,6.1,1031.0,70.0,3.5,10.1,,,,,
22489,2025-12-12 11:00:00,4.0,50.0,5.1,1031.1,66.0,3.7,10.1,,,,,
22489,2025-12-12 12:00:00,3.7,21.0,4.1,1030.2,62.0,4.6,10.0,,,,,
22489,2025-12-12 13:00:00,4.2,18.0,5.2,1029.7,59.0,5.2,10.1,,,,,
22489,2025-12-12 14:00:00,3.8,20.0,4.6,1028.9,58.0,5.5,10.0,,,,,
22489,2025-12-12 15:00:00,4.9,3.0,5.4,1028.3,58.0,6.1,10.1,,,,,
22489,2025-12-12 16:00:00,3.8,10.0,4.2,1028.2,59.0,6.7,10.2,,,,,
22489,2025-12-12 17:00:00,3.0,30.0,3.6,1028.0,59.0,7.1,10.2,,,,,
22489,2025-12-12 18:00:00,3.4,31.0,3.9,1028.5,61.0,6.9,10.4,1.2,1.0,0.6,8.6,318.0
22489,2025-12-12 19:00:00,3.7,33.0,3.7,1028.3,65.0,7.0,10.3,1.3,1.1,0.6,8.5,309.0
22489,2025-12-12 20:00:00,1.3,30.0,2.0,1028.1,63.0,7.5,10.3,1.1,1.1,0.5,9.3,304.0
22489,2025-12-12 21:00:00,0.7,317.0,1.2,1028.4,66.0,7.7,10.5,1.7,1.1,0.7,8.2,337.0
22489,2025-12-12 22:00:00,2.3,29.0,2.5,1028.5,63.0,7.9,10.5,0.5,0.5,0.5,3.6,
22489,2025-12-12 23:00:00,4.7,21.0,4.8,1028.4,69.0,7.7,10.5,0.5,0.5,0.5,3.4,311.0
22489,2025-12-13 00:00:00,4.9,58.0,5.1,1027.7,68.0,7.8,10.2,0.5,0.5,0.5,3.6,298.0
22489,2025-12-13 01:00:00,3.7,92.0,4.9,1027.7,66.0,8.0,10.1,0.5,0.5,0.4,5.7,327.0
22489,2025-12-13 02:00:00,4.2,91.0,4.5,1027.7,70.0,8.0,10.0,0.5,0.5,0.4,5.3,304.0
22489,2025-12-13 03:00:00,4.7,86.0,4.7,1027.1,66.0,7.7,10.0,0.5,0.5,0.4,5.1,353.0
22489,2025-12-13 04:00:00,5.3,41.0,6.0,1026.2,70.0,7.6,9.9,1.2,0.7,0.5,7.0,353.0
22489,2025-12-13 05:00:00,4.9,48.0,6.0,1025.5,66.0,7.6,9.9,1.1,0.6,0.4,7.9,4.0
22489,2025-12-13 06:00:00,6.5,64.0,6.5,1024.6,69.0,7.5,10.0,0.8,0.7,0.5,6.7,324.0
22489,2025-12-13 07:00:00,4.3,61.0,5.0,1024.5,70.0,7.5,10.1,1.0,0.7,0.4,7.5,327.0
22489,2025-12-13 08:00:00,3.2,34.0,3.8,1024.2,74.0,7.5,10.2,1.0,0.7,0.4,8.2,
22489,2025-12-13 09:00:00,1.4,11.0,1.7,1024.6,74.0,7.4,10.3,0.7,0.7,0.5,7.2,332.0
22489,2025-12-13 10:00:00,3.5,82.0,3.9,1024.2,79.0,7.5,10.3,0.8,0.6,0.5,7.5,330.0
22489,2025-12-13 11:00:00,1.7,357.0,2.4,1023.7,80.0,7.3,10.2,0.8,0.7,0.5,6.8,356.0
22489,2025-12-13 12:00:00,3.7,337.0,3.7,1022.3,85.0,7.3,10.1,0.8,0.5,0.3,8.3,310.0
22489,2025-12-13 13:00:00,5.0,338.0,5.0,1021.4,87.0,7.1,10.0,,,,,
22489,2025-12-13 14:00:00,2.2,314.0,2.6,1020.3,90.0,7.2,10.0,0.6,0.5,0.3,8.4,295.0
22489,2025-12-13 15:00:00,11.1,325.0,12.0,1019.4,89.0,7.1,9.9,0.9,0.6,0.4,5.9,282.0
22489,2025-12-13 16:00:00,9.4,336.0,9.8,1019.9,86.0,6.2,9.9,1.1,1.1,1.0,5.5,268.0
22489,2025-12-13 17:00:00,8.5,340.0,9.5,1020.4,85.0,5.7,9.9,1.2,1.0,0.9,5.6,312.0
22489,2025-12-13 18:00:00,7.1,354.0,8.3,1020.7,85.0,6.1,9.9,1.2,1.0,0.9,6.0,286.0
22489,2025-12-13 19:00:00,6.7,343.0,6.7,1020.4,83.0,6.3,9.9,1.1,1.1,1.0,5.0,270.0
22489,2025-12-13 20:00:00,4.6,358.0,5.7,1019.9,82.0,6.4,10.0,1.3,1.0,0.9,5.0,310.0
22489,2025-12-13 21:00:00,3.8,3.0,5.2,1019.7,78.0,6.6,9.9,1.1,1.0,0.9,5.8,307.0
22489,2025-12-13 22:00:00,4.8,317.0,5.9,1019.3,75.0,7.2,10.0,1.3,1.1,0.7,5.9,288.0
22489,2025-12-13 23:00:00,8.8,317.0,9.9,1019.1,77.0,7.3,9.9,0.8,0.7,0.8,2.8,281.0
22489,2025-12-14 00:00:00,11.9,312.0,12.8,1018.9,72.0,7.6,9.8,1.3,1.0,0.6,5.0,304.0
22489,2025-12-14 01:00:00,10.3,316.0,12.4,1019.0,77.0,7.3,9.8,2.5,2.0,1.2,5.4,276.0
22489,2025-12-14 02:00:00,12.0,320.0,12.4,1019.1,79.0,6.5,9.8,2.6,2.1,1.2,5.5,292.0
22489,2025-12-14 03:00:00,9.2,332.0,9.2,1019.7,81.0,6.2,9.8,2.2,2.0,1.4,,315.0
22489,2025-12-14 04:00:00,11.4,309.0,11.8,1018.9,61.0,7.8,9.8,,,,,305.0
22489,2025-12-14 05:00:00,11.3,312.0,12.4,1019.2,81.0,6.2,9.8,,,,,354.0
22489,2025-12-14 06:00:00,11.3,326.0,12.9,1019.2,69.0,7.3,9.7,,,,,310.0
22489,2025-12-14 07:00:00,12.1,325.0,13.6,1020.1,65.0,6.9,9.7,,,,,300.0
22489,2025-12-14 08:00:00,11.1,329.0,12.8,1020.6,61.0,6.7,9.8,,,,,311.0
22489,2025-12-14 09:00:00,12.0,325.0,12.7,1021.1,59.0,6.9,9.8,2.6,2.6,2.6,7.4,319.0
22489,2025-12-14 10:00:00,12.0,327.0,13.0,1022.0,64.0,6.2,9.8,3.6,4.0,2.7,8.4,344.0
22489,2025-12-14 11:00:00,9.7,332.0,11.3,1022.3,62.0,6.3,9.8,,,,,323.0
22489,2025-12-14 12:00:00,10.0,324.0,10.9,1022.1,59.0,6.4,9.8,,,,,286.0
22489,2025-12-14 13:00:00,9.6,326.0,11.0,1021.9,60.0,6.5,9.7,2.6,2.3,1.5,8.5,329.0
22489,2025-12-14 14:00:00,10.8,324.0,11.6,1021.6,62.0,6.5,9.7,2.0,2.0,1.6,7.5,
22489,2025-12-14 15:00:00,9.0,329.0,9.2,1021.9,61.0,6.5,9.8,,,,,
22489,2025-12-14 16:00:00,8.4,324.0,9.5,1022.2,63.0,6.5,9.6,,,,,
22489,2025-12-14 17:00:00,8.9,319.0,9.1,1022.3,71.0,6.4,9.7,,,,,
22489,2025-12-14 18:00:00,8.0,339.0,8.6,1022.4,71.0,6.3,9.7,,,,,
22489,2025-12-14 19:00:00,7.5,328.0,9.0,1022.5,73.0,6.7,9.8,,,,,
22489,2025-12-14 20:00:00,7.3,338.0,8.1,1023.0,73.0,7.1,9.7,,,,,
22489,2025-12-14 21:00:00,8.4,305.0,9.6,1023.1,60.0,7.8,9.7,,,,,
22489,2025-12-14 22:00:00,7.9,321.0,8.8,1023.5,60.0,7.5,9.7,,,,,
22489,2025-12-14 23:00:00,7.3,318.0,9.0,1023.8,54.0,7.7,9.6,,,,,
22489,2025-12-15 00:00:00,7.9,308.0,9.0,1023.9,63.0,7.3,9.7,,,,,
22489,2025-12-15 01:00:00,8.8,331.0,8.8,1024.3,65.0,7.2,9.6,,,,,
22489,2025-12-15 02:00:00,7.3,320.0,7.5,1024.6,58.0,7.7,9.4,,,,,
22489,2025-12-15 03:00:00,7.4,320.0,7.7,1024.9,54.0,7.8,9.3,,,,,
22489,2025-12-15 04:00:00,6.0,314.0,7.3,1024.8,54.0,7.8,9.0,,,,,
22489,2025-12-15 05:00:00,5.7,313.0,6.5,1024.7,51.0,7.6,9.0,,,,,
22489,2025-12-15 06:00:00,5.2,338.0,5.6,1025.1,51.0,7.6,9.0,,,,,
22489,2025-12-15 07:00:00,3.4,302.0,4.6,1025.5,47.0,7.4,8.9,,,,,
22489,2025-12-15 08:00:00,3.7,318.0,4.0,1026.1,55.0,7.5,9.2,,,,,
22489,2025-12-15 09:00:00,3.1,332.0,3.5,1026.4,55.0,7.6,9.4,,,,,
22489,2025-12-15 10:00:00,5.2,301.0,5.7,1026.9,59.0,7.7,9.3,,,,,
22489,2025-12-15 11:00:00,3.5,267.0,5.1,1026.7,54.0,7.6,9.6,,,,,
22489,2025-12-15 12:00:00,2.3,287.0,3.2,1025.9,54.0,7.7,9.7,,,,,
22489,2025-12-15 13:00:00,3.3,267.0,3.3,1025.6,56.0,8.0,9.7,,,,,
22489,2025-12-15 14:00:00,2.8,303.0,3.4,1025.0,54.0,8.0,9.7,,,,,
22489,2025-12-15 15:00:00,0.7,265.0,1.0,1024.5,53.0,8.5,9.6,,,,,
22489,2025-12-15 16:00:00,1.2,185.0,1.3,1024.5,57.0,8.2,9.5,,,,,
22489,2025-12-15 17:00:00,2.0,185.0,2.6,1024.4,59.0,8.3,9.2,,,,,
22489,2025-12-15 18:00:00,2.8,228.0,4.4,1024.3,60.0,8.4,9.4,,,,,
22489,2025-12-15 19:00:00,2.7,161.0,3.0,1024.9,61.0,8.3,9.3,,,,,
22489,2025-12-15 20:00:00,3.0,152.0,3.4,1025.0,66.0,8.4,9.6,,,,,
22489,2025-12-15 21:00:00,2.9,184.0,3.5,1025.0,66.0,8.7,9.3,,,,,
22489,2025-12-15 22:00:00,3.5,152.0,4.3,1024.4,68.0,8.4,9.3,,,,,
22489,2025-12-15 23:00:00,3.6,168.0,4.1,1024.1,66.0,8.4,9.4,,,,,
22489,2025-12-16 00:00:00,3.2,148.0,4.1,1024.4,71.0,8.2,9.5,,,,,
22489,2025-12-16 01:00:00,3.7,138.0,3.9,1024.4,76.0,8.4,9.5,0.9,0.6,0.4,6.4,231.0
22489,2025-12-16 02:00:00,4.4,132.0,4.8,1023.8,76.0,8.3,9.3,0.8,0.5,0.4,5.5,305.0
22489,2025-12-16 03:00:00,5.4,133.0,5.4,1023.6,81.0,7.9,9.3,0.8,0.6,0.4,6.1,247.0
22489,2025-12-16 04:00:00,3.9,131.0,4.8,1023.6,82.0,7.5,9.3,0.8,0.6,0.5,5.4,267.0
22489,2025-12-16 05:00:00,3.3,101.0,3.8,1023.4,79.0,7.2,9.1,0.8,0.6,0.5,5.8,270.0
22489,2025-12-16 06:00:00,5.1,109.0,5.1,1023.2,81.0,6.7,9.0,0.9,0.6,0.5,6.9,292.0
22489,2025-12-16 07:00:00,4.7,110.0,5.0,1023.5,83.0,6.5,9.0,0.7,0.6,0.5,7.0,303.0
22489,2025-12-16 08:00:00,5.4,116.0,5.5,1023.5,83.0,6.3,9.1,1.0,0.7,0.5,5.5,284.0
22489,2025-12-16 09:00:00,5.0,93.0,5.0,1023.6,85.0,6.5,9.0,1.2,0.7,0.5,6.3,288.0
22489,2025-12-16 10:00:00,5.9,113.0,5.9,1023.5,84.0,7.2,9.2,1.0,0.7,0.5,7.0,266.0
22489,2025-12-16 11:00:00,5.9,133.0,6.1,1023.1,82.0,8.2,9.3,1.3,0.9,0.6,7.3,306.0
22489,2025-12-16 12:00:00,5.3,123.0,5.5,1022.4,80.0,8.8,9.3,0.9,0.6,0.5,7.1,285.0
22489,2025-12-16 13:00:00,4.0,116.0,4.1,1021.9,81.0,9.3,9.5,1.0,0.6,0.5,6.9,299.0
22489,2025-12-16 14:00:00,3.7,125.0,4.3,1021.3,82.0,9.6,9.4,1.2,0.7,0.5,9.1,299.0
22489,2025-12-16 15:00:00,2.6,120.0,2.7,1021.3,81.0,10.0,9.3,1.3,0.9,0.6,8.2,297.0
22489,2025-12-16 16:00:00,2.3,68.0,2.3,1021.4,86.0,9.6,9.2,1.1,0.7,0.5,8.9,288.0
22489,2025-12-16 17:00:00,2.4,85.0,2.4,1021.5,86.0,9.8,9.3,1.0,0.6,0.4,8.5,283.0
22489,2025-12-16 18:00:00,1.8,97.0,2.0,1021.5,88.0,9.7,9.2,0.8,0.6,0.4,7.6,283.0
22489,2025-12-16 19:00:00,1.9,115.0,2.6,1021.5,85.0,9.9,9.3,0.8,0.6,0.4,7.9,291.0
22489,2025-12-16 20:00:00,2.1,93.0,2.2,1021.3,88.0,9.8,9.2,0.9,0.6,0.5,7.6,334.0
22489,2025-12-16 21:00:00,2.7,127.0,2.7,1021.4,85.0,9.9,9.3,0.9,0.7,0.4,6.9,347.0
22489,2025-12-16 22:00:00,2.4,116.0,2.5,1021.0,86.0,9.5,9.2,0.6,0.5,0.3,8.0,317.0
22489,2025-12-16 23:00:00,1.3,117.0,1.7,1021.2,88.0,9.5,9.2,0.6,0.5,0.3,6.6,314.0
22489,2025-12-17 00:00:00,1.8,4.0,1.8,1021.1,90.0,9.3,9.3,0.6,0.4,0.3,6.6,298.0
22489,2025-12-17 01:00:00,0.6,288.0,1.2,1021.0,90.0,9.4,9.2,0.6,0.4,0.3,6.4,336.0
22489,2025-12-17 02:00:00,0.8,305.0,0.8,1021.1,89.0,9.3,9.1,0.5,0.4,0.3,7.3,299.0
22489,2025-12-17 03:00:00,1.6,321.0,1.7,1021.0,91.0,9.5,9.1,0.8,0.5,0.4,6.9,278.0
22489,2025-12-17 04:00:00,5.9,1.0,5.9,1020.7,87.0,10.0,9.2,0.9,0.6,0.4,5.6,335.0
22489,2025-12-17 05:00:00,6.7,1.0,7.5,1021.0,78.0,9.7,9.2,1.3,0.7,0.6,5.3,300.0
22489,2025-12-17 06:00:00,9.8,353.0,9.8,1021.5,74.0,9.3,9.2,1.3,1.1,0.8,5.9,333.0
22489,2025-12-17 07:00:00,8.0,344.0,9.3,1022.3,72.0,8.9,9.2,1.4,1.1,0.7,5.3,327.0
22489,2025-12-17 08:00:00,8.6,351.0,9.2,1022.9,69.0,8.9,9.2,1.6,1.2,0.9,6.0,337.0
22489,2025-12-17 09:00:00,7.8,355.0,8.4,1023.7,70.0,8.9,9.2,1.3,1.2,0.7,5.5,358.0
22489,2025-12-17 10:00:00,8.0,354.0,8.0,1024.6,64.0,8.8,9.2,2.0,1.3,0.8,6.1,315.0
22489,2025-12-17 11:00:00,6.8,324.0,7.7,1024.8,61.0,9.0,9.1,1.8,1.1,0.8,6.9,342.0
22489,2025-12-17 12:00:00,7.2,335.0,7.7,1024.6,62.0,8.8,9.1,1.7,1.2,0.8,7.5,297.0
22489,2025-12-17 13:00:00,7.2,332.0,8.6,1024.1,64.0,8.7,9.4,1.8,1.2,1.0,7.3,312.0
22489,2025-12-17 14:00:00,8.1,342.0,8.6,1024.1,62.0,8.5,9.5,1.8,1.3,0.8,7.0,316.0
22489,2025-12-17 15:00:00,8.0,338.0,8.4,1024.3,64.0,8.5,9.2,2.1,1.2,0.9,7.2,294.0
22489,2025-12-17 16:00:00,8.0,348.0,9.2,1025.0,61.0,8.2,9.1,2.1,1.3,0.9,6.7,353.0
22489,2025-12-17 17:00:00,8.4,346.0,9.1,1025.4,66.0,8.0,9.2,2.1,1.2,0.8,8.0,297.0
22489,2025-12-17 18:00:00,7.0,3.0,8.4,1026.2,61.0,7.8,9.2,1.6,1.3,1.0,7.5,314.0
22489,2025-12-17 19:00:00,7.2,337.0,7.8,1026.8,61.0,7.7,9.3,1.9,1.3,0.9,7.6,319.0
22489,2025-12-17 20:00:00,7.0,356.0,7.2,1027.3,62.0,7.8,9.2,1.9,1.2,0.9,7.3,285.0
22489,2025-12-17 21:00:00,5.9,357.0,7.1,1027.6,63.0,7.7,9.2,2.0,1.4,0.9,7.5,317.0
22489,2025-12-17 22:00:00,6.9,342.0,7.4,1027.8,63.0,7.7,9.2,2.1,1.2,0.9,7.2,319.0
22489,2025-12-17 23:00:00,6.5,1.0,6.5,1027.7,66.0,7.8,9.2,1.7,1.3,0.8,7.5,331.0
22489,2025-12-18 00:00:00,5.3,2.0,5.8,1027.2,67.0,7.8,9.1,2.1,1.4,0.9,8.8,317.0
22489,2025-12-18 01:00:00,4.9,353.0,5.6,1027.0,66.0,7.8,9.0,1.9,1.1,0.9,8.7,303.0
22489,2025-12-18 02:00:00,4.5,351.0,5.9,1027.1,63.0,7.7,9.0,2.0,1.2,0.9,9.7,340.0
22489,2025-12-18 03:00:00,5.4,353.0,5.9,1027.2,63.0,7.6,9.0,1.9,1.3,0.7,9.3,338.0
22489,2025-12-18 04:00:00,5.4,345.0,5.4,1027.1,64.0,7.6,9.1,1.6,1.1,0.7,8.9,325.0
22489,2025-12-18 05:00:00,4.8,356.0,5.6,1027.2,64.0,7.6,9.1,1.4,0.9,0.6,8.5,287.0
22489,2025-12-18 06:00:00,2.9,78.0,2.9,1027.6,74.0,6.6,9.1,1.4,0.8,0.6,7.5,291.0
22489,2025-12-18 07:00:00,2.9,84.0,2.9,1027.8,75.0,6.2,9.1,1.3,0.9,0.7,8.1,336.0
22489,2025-12-18 08:00:00,2.2,106.0,2.7,1028.1,74.0,5.7,9.2,1.1,0.7,0.5,6.6,308.0
22489,2025-12-18 09:00:00,2.5,96.0,2.5,1028.5,71.0,5.9,9.1,1.1,0.8,0.7,7.5,316.0
22489,2025-12-18 10:00:00,1.7,186.0,2.9,1029.1,71.0,6.2,9.1,1.6,0.6,0.4,59.1,16.0
22489,2025-12-18 11:00:00,2.6,138.0,2.7,1028.6,70.0,6.3,9.1,1.0,0.5,0.4,7.8,343.0
22489,2025-12-18 12:00:00,1.9,121.0,2.5,1027.7,65.0,6.9,9.2,0.7,0.5,0.4,7.6,337.0
22489,2025-12-18 13:00:00,1.9,146.0,2.7,1026.5,64.0,7.3,9.1,0.6,0.4,0.3,8.2,334.0
22489,2025-12-18 14:00:00,2.2,18.0,2.8,1025.8,64.0,7.4,9.6,0.7,0.4,0.3,7.0,328.0
22489,2025-12-18 15:00:00,3.5,290.0,3.5,1025.6,66.0,7.4,9.6,0.6,0.4,0.3,7.5,302.0
22489,2025-12-18 16:00:00,4.0,282.0,4.0,1025.2,67.0,7.1,9.3,0.7,0.4,0.3,7.4,258.0
22489,2025-12-18 17:00:00,3.2,293.0,4.5,1025.4,68.0,7.2,9.4,0.6,0.4,0.3,7.2,224.0
22489,2025-12-18 18:00:00,2.8,329.0,3.3,1025.4,66.0,7.1,9.1,0.4,0.3,0.2,8.1,225.0
22489,2025-12-18 19:00:00,2.8,356.0,3.7,1025.3,69.0,6.9,9.1,0.4,0.3,0.2,6.9,238.0
22489,2025-12-18 20:00:00,3.5,21.0,4.1,1025.0,70.0,6.8,9.2,0.5,0.3,0.2,7.3,224.0
22489,2025-12-18 21:00:00,2.5,69.0,2.5,1024.9,74.0,6.8,9.1,0.5,0.3,0.2,7.0,227.0
22489,2025-12-18 22:00:00,3.3,207.0,3.7,1024.6,76.0,6.7,9.1,0.5,0.3,0.2,7.4,290.0
22489,2025-12-18 23:00:00,3.3,204.0,3.4,1024.7,77.0,6.9,9.1,0.5,0.3,0.2,6.4,333.0
22489,2025-12-19 00:00:00,3.7,199.0,4.0,1024.3,74.0,7.3,9.0,0.4,0.3,0.2,6.4,343.0
22489,2025-12-19 01:00:00,3.6,171.0,3.6,1023.8,83.0,7.3,8.9,0.4,0.2,0.2,6.4,349.0
22489,2025-12-19 02:00:00,4.6,195.0,4.6,1023.5,82.0,7.5,8.9,0.3,0.2,0.2,7.1,18.0
22489,2025-12-19 03:00:00,4.8,211.0,5.1,1023.0,71.0,8.0,8.9,0.3,0.3,0.2,5.9,30.0
22489,2025-12-19 04:00:00,3.4,49.0,3.5,1023.1,70.0,7.7,9.0,0.3,0.2,0.2,7.4,157.0
22489,2025-12-19 05:00:00,2.9,47.0,3.1,1022.9,76.0,7.7,9.1,0.2,0.1,0.1,6.8,188.0
22489,2025-12-19 06:00:00,3.0,20.0,3.0,1022.8,70.0,8.0,9.1,0.2,0.1,0.1,7.3,209.0
22489,2025-12-19 07:00:00,4.0,40.0,4.0,1022.8,77.0,7.8,9.2,0.2,0.2,0.1,6.6,204.0
22489,2025-12-19 08:00:00,3.9,59.0,5.0,1022.3,75.0,8.3,9.2,0.5,0.3,0.2,6.6,158.0
22489,2025-12-19 09:00:00,3.9,146.0,4.4,1022.0,75.0,8.8,9.2,,,,,
22489,2025-12-19 10:00:00,3.5,252.0,3.8,1022.4,78.0,8.7,9.2,,,,,
22489,2025-12-19 11:00:00,3.4,254.0,3.6,1021.7,79.0,9.3,9.2,,,,,
22489,2025-12-19 12:00:00,4.0,196.0,4.2,1020.8,82.0,9.9,9.1,,,,,
22489,2025-12-19 13:00:00,2.9,171.0,3.0,1019.7,80.0,10.6,9.2,,,,,
22489,2025-12-19 14:00:00,1.1,168.0,2.3,1019.4,80.0,11.1,9.3,,,,,
22489,2025-12-19 15:00:00,1.6,140.0,1.7,1019.5,75.0,12.0,9.9,,,,,
22489,2025-12-19 16:00:00,1.5,204.0,2.0,1019.2,68.0,13.0,10.7,,,,,
22489,2025-12-19 17:00:00,2.2,320.0,2.2,1019.1,73.0,12.5,9.6,,,,,
22489,2025-12-19 18:00:00,2.3,346.0,3.2,1019.0,76.0,12.0,9.1,,,,,
22489,2025-12-19 19:00:00,1.6,42.0,2.2,1019.3,87.0,10.4,9.1,,,,,
22489,2025-12-19 20:00:00,1.7,15.0,1.7,1019.7,88.0,10.7,9.3,,,,,
22489,2025-12-19 21:00:00,2.5,26.0,2.6,1019.7,86.0,11.0,9.3,,,,,
22489,2025-12-19 22:00:00,2.7,123.0,2.8,1019.8,89.0,10.5,9.2,,,,,
22489,2025-12-19 23:00:00,1.8,150.0,2.3,1019.9,90.0,10.5,9.2,,,,,
22489,2025-12-20 00:00:00,3.7,180.0,4.0,1019.6,90.0,10.4,9.2,,,,,
22489,2025-12-20 01:00:00,3.9,200.0,4.3,1019.4,90.0,10.7,9.2,,,,,
22489,2025-12-20 02:00:00,4.3,236.0,4.7,1019.1,90.0,10.5,9.0,,,,,
22489,2025-12-20 03:00:00,4.8,248.0,5.0,1018.9,90.0,10.6,9.3,,,,,
22489,2025-12-20 04:00:00,4.8,304.0,5.5,1018.4,91.0,10.5,9.1,,,,,
22489,2025-12-20 05:00:00,4.6,321.0,4.8,1018.0,92.0,10.5,9.2,,,,,
22489,2025-12-20 06:00:00,4.4,339.0,4.9,1017.8,91.0,11.0,9.3,,,,,
22489,2025-12-20 07:00:00,2.5,22.0,3.3,1018.3,92.0,11.0,9.3,,,,,
22489,2025-12-20 08:00:00,2.3,49.0,3.0,1018.5,93.0,10.9,9.3,,,,,
22489,2025-12-20 09:00:00,0.4,0.0,0.6,1019.1,94.0,11.4,9.3,,,,,
22489,2025-12-20 10:00:00,2.9,220.0,3.1,1019.3,95.0,11.6,9.5,,,,,
22489,2025-12-20 11:00:00,3.2,269.0,3.5,1019.5,98.0,11.8,9.4,,,,,
22489,2025-12-20 12:00:00,3.2,295.0,3.9,1018.8,98.0,11.4,9.3,,,,,
22489,2025-12-20 13:00:00,2.6,323.0,2.6,1018.0,99.0,10.7,9.5,,,,,
22489,2025-12-20 14:00:00,3.2,356.0,3.2,1018.0,99.0,10.3,9.3,,,,,
22489,2025-12-20 15:00:00,6.1,350.0,6.3,1018.5,95.0,10.5,9.5,,,,,
22489,2025-12-20 16:00:00,8.0,243.0,9.3,1019.5,86.0,10.3,9.5,,,,,
22489,2025-12-20 17:00:00,7.6,237.0,8.0,1020.1,84.0,10.3,9.4,,,,,
22489,2025-12-20 18:00:00,7.6,236.0,9.2,1021.1,82.0,10.2,9.3,,,,,
22489,2025-12-20 19:00:00,8.9,246.0,9.5,1021.7,75.0,10.0,9.3,,,,,
22489,2025-12-20 20:00:00,10.3,249.0,10.3,1022.4,77.0,9.4,9.4,,,,,
22489,2025-12-20 21:00:00,10.3,250.0,11.6,1023.2,69.0,8.9,9.3,,,,,
22489,2025-12-20 22:00:00,11.8,241.0,12.2,1024.1,68.0,8.3,9.3,,,,,
22489,2025-12-20 23:00:00,10.8,248.0,11.6,1024.4,70.0,8.0,9.3,,,,,
22489,2025-12-21 00:00:00,11.7,242.0,12.2,1024.9,65.0,7.8,9.2,,,,,
22489,2025-12-21 01:00:00,9.9,242.0,11.6,1025.2,65.0,7.6,9.2,,,,,
22489,2025-12-21 02:00:00,11.0,244.0,12.9,1025.9,64.0,7.3,9.2,,,,,
22489,2025-12-21 03:00:00,12.4,239.0,13.4,1026.3,64.0,6.9,9.2,,,,,
22489,2025-12-21 04:00:00,13.0,237.0,13.0,1025.9,61.0,6.4,9.2,,,,,
22489,2025-12-21 05:00:00,11.3,240.0,12.2,1026.0,60.0,5.9,9.1,,,,,
22489,2025-12-21 06:00:00,11.7,238.0,11.7,1026.3,62.0,5.8,9.1,,,,,
22489,2025-12-21 07:00:00,10.1,243.0,11.4,1026.9,62.0,5.8,9.1,,,,,
22489,2025-12-21 08:00:00,10.4,242.0,11.6,1027.5,62.0,5.4,9.1,,,,,
22489,2025-12-21 09:00:00,10.1,245.0,12.5,1028.3,64.0,5.2,9.0,,,,,
22489,2025-12-21 10:00:00,11.0,248.0,11.1,1029.6,62.0,5.0,8.8,,,,,
22489,2025-12-21 11:00:00,10.5,242.0,11.5,1029.6,61.0,5.1,8.9,,,,,
22489,2025-12-21 12:00:00,10.6,107.0,10.6,1029.2,61.0,4.9,9.1,,,,,
22489,2025-12-21 13:00:00,10.4,108.0,11.1,1029.0,63.0,4.8,9.1,,,,,
22489,2025-12-21 14:00:00,9.2,97.0,11.2,1028.7,64.0,4.4,9.0,,,,,
22489,2025-12-21 15:00:00,10.6,112.0,10.8,1028.7,64.0,4.5,9.0,,,,,
22489,2025-12-21 16:00:00,11.1,111.0,11.9,1029.1,63.0,4.6,9.1,,,,,
22489,2025-12-21 17:00:00,10.2,109.0,10.8,1029.1,64.0,4.3,9.0,,,,,
22489,2025-12-21 18:00:00,7.8,134.0,10.1,1030.2,62.0,4.1,8.9,,,,,
22489,2025-12-21 19:00:00,8.8,251.0,9.1,1030.5,61.0,4.1,8.8,,,,,
22489,2025-12-21 20:00:00,7.0,256.0,8.9,1030.4,59.0,3.8,8.8,,,,,
22489,2025-12-21 21:00:00,6.8,268.0,8.2,1030.8,59.0,4.0,8.9,,,,,
22489,2025-12-21 22:00:00,8.3,256.0,8.4,1030.9,60.0,4.0,8.9,,,,,
22489,2025-12-21 23:00:00,6.5,249.0,7.0,1031.1,60.0,3.8,8.8,,,,,
22489,2025-12-22 00:00:00,7.3,104.0,7.3,1031.3,58.0,3.6,8.8,,,,,
22489,2025-12-22 01:00:00,6.0,114.0,7.1,1030.9,60.0,3.2,8.7,,,,,
22489,2025-12-22 02:00:00,6.0,119.0,7.0,1030.4,61.0,1.8,8.7,,,,,
22489,2025-12-22 03:00:00,5.7,113.0,5.7,1030.6,62.0,2.0,8.7,,,,,
22489,2025-12-22 04:00:00,7.1,121.0,7.1,1030.2,62.0,2.1,8.7,,,,,
22489,2025-12-22 05:00:00,7.2,246.0,8.3,1029.8,64.0,2.8,8.6,,,,,
22489,2025-12-22 06:00:00,6.8,256.0,7.6,1030.0,64.0,2.8,8.6,,,,,
22489,2025-12-22 07:00:00,7.3,276.0,7.5,1031.1,62.0,2.5,8.6,,,,,
22489,2025-12-22 08:00:00,6.4,318.0,6.4,1031.4,62.0,1.7,8.5,,,,,
22489,2025-12-22 09:00:00,5.6,336.0,5.6,1031.7,57.0,1.3,8.6,,,,,
22489,2025-12-22 10:00:00,5.7,329.0,6.3,1032.1,55.0,1.4,8.6,,,,,
22489,2025-12-22 11:00:00,5.1,105.0,5.3,1031.8,51.0,1.8,8.6,,,,,
22489,2025-12-22 12:00:00,4.1,133.0,4.7,1030.6,49.0,2.9,8.7,,,,,
22489,2025-12-22 13:00:00,4.0,124.0,4.3,1029.5,45.0,3.7,8.5,,,,,
22489,2025-12-22 14:00:00,1.5,105.0,3.1,1028.9,38.0,4.2,8.8,,,,,
22489,2025-12-22 15:00:00,2.9,124.0,2.9,1028.0,41.0,5.1,8.7,,,,,
22489,2025-12-22 16:00:00,3.1,92.0,3.1,1028.0,38.0,5.5,8.7,,,,,
22489,2025-12-22 17:00:00,2.8,257.0,3.1,1028.0,46.0,5.7,8.7,,,,,
22489,2025-12-22 18:00:00,2.9,255.0,3.1,1028.3,54.0,5.5,8.7,,,,,
22489,2025-12-22 19:00:00,2.8,298.0,2.8,1028.2,58.0,5.8,8.4,,,,,
22489,2025-12-22 20:00:00,2.2,273.0,3.1,1028.8,57.0,5.9,8.5,,,,,
22489,2025-12-22 21:00:00,1.8,303.0,2.2,1028.6,57.0,6.3,8.7,,,,,
22489,2025-12-22 22:00:00,1.4,348.0,2.6,1029.3,62.0,6.2,8.6,,,,,
22489,2025-12-22 23:00:00,0.7,333.0,1.3,1029.2,59.0,6.2,8.6,,,,,
22489,2025-12-23 00:00:00,1.3,47.0,1.3,1029.3,66.0,6.3,8.5,,,,,
22489,2025-12-23 01:00:00,3.4,117.0,3.4,1028.3,61.0,6.0,8.5,,,,,
22489,2025-12-23 02:00:00,5.6,239.0,6.1,1026.6,56.0,6.4,8.5,,,,,
22489,2025-12-23 03:00:00,4.7,230.0,5.2,1026.6,65.0,6.2,8.4,,,,,
22489,2025-12-23 04:00:00,6.6,241.0,7.2,1024.5,69.0,6.6,8.7,,,,,
22489,2025-12-23 05:00:00,4.8,259.0,5.1,1024.4,66.0,6.5,8.7,,,,,
22489,2025-12-23 06:00:00,3.3,307.0,3.8,1024.5,72.0,6.6,8.4,,,,,
22489,2025-12-23 07:00:00,5.4,289.0,5.4,1024.6,73.0,6.9,8.4,,,,,
22489,2025-12-23 08:00:00,7.1,335.0,7.7,1023.4,73.0,7.3,8.5,,,,,
22489,2025-12-23 09:00:00,7.5,352.0,7.8,1023.7,74.0,7.4,8.5,,,,,
22489,2025-12-23 10:00:00,7.2,3.0,7.5,1023.7,73.0,8.1,8.4,,,,,
22489,2025-12-23 11:00:00,5.4,242.0,6.5,1023.1,74.0,8.5,8.4,,,,,
22489,2025-12-23 12:00:00,5.5,249.0,5.5,1021.5,79.0,8.7,8.6,,,,,
22489,2025-12-23 13:00:00,6.1,249.0,6.6,1019.6,79.0,9.3,8.6,,,,,
22489,2025-12-23 14:00:00,5.0,257.0,5.9,1019.1,78.0,9.8,8.7,,,,,
22489,2025-12-23 15:00:00,6.2,252.0,6.5,1018.3,78.0,10.3,8.6,,,,,
22489,2025-12-23 16:00:00,4.2,251.0,4.2,1018.1,85.0,10.2,8.9,,,,,
22489,2025-12-23 17:00:00,3.3,238.0,3.4,1018.1,90.0,10.2,9.2,,,,,
22489,2025-12-23 18:00:00,2.9,255.0,3.2,1018.2,93.0,10.0,9.1,,,,,
22489,2025-12-23 19:00:00,3.9,323.0,3.9,1018.0,95.0,9.5,8.8,,,,,
22489,2025-12-23 20:00:00,4.1,333.0,4.4,1017.8,96.0,9.5,8.5,,,,,
22489,2025-12-23 21:00:00,3.0,20.0,3.3,1017.8,96.0,9.4,8.5,,,,,
22489,2025-12-23 22:00:00,2.9,27.0,3.1,1017.8,97.0,9.5,8.5,,,,,
22489,2025-12-23 23:00:00,3.1,42.0,3.1,1017.5,97.0,9.4,8.5,,,,,
22489,2025-12-24 00:00:00,3.4,348.0,3.8,1016.7,98.0,9.5,8.5,,,,,
22489,2025-12-24 01:00:00,3.8,125.0,3.8,1016.7,98.0,9.3,8.6,,,,,
22489,2025-12-24 02:00:00,10.3,114.0,10.3,1016.6,95.0,8.0,8.5,,,,,
22489,2025-12-24 03:00:00,9.9,119.0,10.8,1017.6,93.0,8.0,8.5,,,,,
22489,2025-12-24 04:00:00,9.9,119.0,11.9,1017.6,88.0,8.0,8.5,,,,,
22489,2025-12-24 05:00:00,7.9,121.0,9.5,1017.4,85.0,7.9,8.8,,,,,
22489,2025-12-24 06:00:00,7.9,242.0,9.9,1017.4,82.0,8.0,8.5,,,,,
22489,2025-12-24 07:00:00,7.4,245.0,8.8,1017.8,84.0,7.7,8.5,,,,,
22489,2025-12-24 08:00:00,7.8,260.0,8.6,1018.4,81.0,7.6,8.5,,,,,
22489,2025-12-24 09:00:00,7.4,257.0,8.7,1019.0,82.0,7.6,8.4,,,,,
22489,2025-12-24 10:00:00,9.9,254.0,9.9,1019.0,77.0,7.5,8.4,,,,,
22489,2025-12-24 11:00:00,9.5,250.0,10.0,1018.9,72.0,7.4,8.4,,,,,
22489,2025-12-24 12:00:00,8.2,252.0,10.3,1018.1,71.0,7.2,8.4,,,,,
22489,2025-12-24 13:00:00,10.2,358.0,10.4,1017.4,74.0,6.7,8.5,,,,,
22489,2025-12-24 14:00:00,9.9,9.0,9.9,1017.4,73.0,6.2,8.5,,,,,
22489,2025-12-24 15:00:00,10.2,355.0,11.1,1016.9,71.0,6.0,8.4,,,,,
22489,2025-12-24 16:00:00,8.3,359.0,9.6,1017.4,74.0,6.3,8.7,,,,,
22489,2025-12-24 17:00:00,8.7,346.0,9.8,1017.6,69.0,6.3,8.7,,,,,
22489,2025-12-24 18:00:00,9.5,244.0,9.7,1017.8,70.0,6.4,8.7,,,,,
22489,2025-12-24 19:00:00,9.4,242.0,9.6,1018.4,66.0,6.6,8.7,,,,,
22489,2025-12-24 20:00:00,8.8,241.0,8.9,1019.2,67.0,6.6,8.2,,,,,
22489,2025-12-24 21:00:00,9.6,244.0,9.6,1019.2,66.0,6.8,8.3,,,,,
22489,2025-12-24 22:00:00,8.9,248.0,10.4,1018.7,64.0,6.6,8.3,,,,,
22489,2025-12-24 23:00:00,8.9,258.0,9.8,1018.8,66.0,6.6,8.4,,,,,
22489,2025-12-25 00:00:00,8.9,252.0,9.2,1018.7,65.0,6.4,8.3,,,,,
22489,2025-12-25 01:00:00,9.3,251.0,10.2,1018.8,63.0,6.3,8.3,,,,,
22489,2025-12-25 02:00:00,10.8,245.0,11.1,1019.2,66.0,6.4,8.3,,,,,
22489,2025-12-25 03:00:00,11.4,246.0,12.3,1019.4,66.0,6.1,8.3,,,,,
22489,2025-12-25 04:00:00,11.3,244.0,12.4,1019.3,66.0,5.7,8.3,,,,,
22489,2025-12-25 05:00:00,10.9,244.0,11.1,1019.4,64.0,5.5,8.3,,,,,
22489,2025-12-25 06:00:00,10.2,242.0,11.7,1019.6,66.0,5.6,8.3,,,,,
22489,2025-12-25 07:00:00,9.0,242.0,10.7,1020.1,63.0,5.7,8.3,,,,,
22489,2025-12-25 08:00:00,9.7,239.0,10.9,1020.5,63.0,5.4,8.2,,,,,
22489,2025-12-25 09:00:00,9.3,245.0,10.1,1021.1,65.0,5.5,8.0,,,,,
22489,2025-12-25 10:00:00,10.4,244.0,11.1,1022.0,73.0,5.1,8.0,,,,,
22489,2025-12-25 11:00:00,11.2,241.0,12.4,1022.2,60.0,5.5,8.0,,,,,
22489,2025-12-25 12:00:00,11.1,244.0,12.1,1021.5,62.0,5.0,8.0,,,,,
22489,2025-12-25 13:00:00,13.9,,13.9,1021.0,81.0,3.4,8.0,,,,,
22489,2025-12-25 14:00:00,15.6,,16.6,1020.6,72.0,3.5,8.0,,,,,
22489,2025-12-25 15:00:00,12.3,,15.9,1021.5,83.0,1.9,8.0,4.5,2.8,2.0,9.7,307.0
22489,2025-12-25 16:00:00,14.8,,14.8,1021.7,75.0,2.7,8.1,3.5,2.9,1.7,9.6,343.0
22489,2025-12-25 17:00:00,11.7,,13.9,1022.6,60.0,2.6,8.1,5.3,3.0,2.1,9.5,312.0
22489,2025-12-25 18:00:00,14.0,,15.9,1022.8,68.0,2.2,8.0,5.0,3.5,2.1,10.6,295.0
22489,2025-12-25 19:00:00,12.9,,14.6,1023.4,91.0,1.5,8.0,4.3,3.3,2.3,11.5,327.0
22489,2025-12-25 20:00:00,10.7,,13.8,1023.9,89.0,1.3,7.9,4.8,3.8,2.0,10.6,337.0
22489,2025-12-25 21:00:00,14.3,,14.3,1023.8,77.0,1.6,7.8,4.9,3.6,2.5,12.8,320.0
22489,2025-12-25 22:00:00,12.8,,14.7,1024.0,89.0,1.3,7.8,5.4,3.8,2.3,11.0,330.0
22489,2025-12-25 23:00:00,14.2,,14.7,1024.5,77.0,0.9,7.7,4.5,3.5,2.1,12.1,305.0
22489,2025-12-26 00:00:00,13.9,,14.3,1024.3,64.0,1.4,7.7,5.6,3.6,2.3,12.1,319.0
22489,2025-12-26 01:00:00,14.4,,14.9,1024.3,62.0,1.1,7.7,4.6,3.1,2.4,10.7,335.0
22489,2025-12-26 02:00:00,14.3,,14.3,1024.5,69.0,0.5,7.4,5.1,3.0,2.3,10.4,298.0
22489,2025-12-26 03:00:00,11.1,,13.2,1025.7,68.0,0.7,7.2,3.6,2.7,1.8,12.0,325.0
22489,2025-12-26 04:00:00,11.3,,12.1,1026.2,76.0,0.2,7.3,3.6,2.6,1.9,11.3,313.0
22489,2025-12-26 05:00:00,10.0,,13.1,1025.9,84.0,-0.2,7.6,4.1,2.6,1.9,11.4,314.0
22489,2025-12-26 06:00:00,9.6,,11.6,1026.2,64.0,0.0,7.5,4.4,2.7,1.9,10.6,344.0
22489,2025-12-26 07:00:00,11.7,,12.3,1026.7,66.0,0.1,7.5,3.9,2.6,1.7,10.5,305.0
22489,2025-12-26 08:00:00,11.6,,11.7,1027.1,67.0,0.2,7.3,3.5,2.3,1.7,11.0,325.0
22489,2025-12-26 09:00:00,10.7,,12.1,1028.0,65.0,-0.2,7.0,3.9,2.1,1.5,10.2,344.0
22489,2025-12-26 10:00:00,10.1,,12.1,1028.9,62.0,0.1,7.0,2.9,2.0,1.8,10.5,309.0
22489,2025-12-26 11:00:00,10.5,,12.1,1028.9,69.0,-0.2,7.2,3.1,2.0,1.3,10.4,311.0
22489,2025-12-26 12:00:00,10.7,,11.2,1028.8,62.0,0.1,7.2,2.8,1.9,1.5,9.5,325.0
22489,2025-12-26 13:00:00,9.7,,10.7,1028.2,66.0,0.4,7.3,2.6,2.0,1.2,9.2,284.0
22489,2025-12-26 14:00:00,9.4,,10.5,1027.8,60.0,0.2,7.3,3.3,1.8,1.2,10.4,287.0
22489,2025-12-26 15:00:00,10.0,,10.6,1027.8,59.0,0.3,7.1,2.6,1.9,1.4,8.3,337.0
22489,2025-12-26 16:00:00,10.3,,10.3,1027.7,62.0,0.6,7.1,2.5,1.8,1.2,9.6,356.0
22489,2025-12-26 17:00:00,7.9,,9.6,1027.9,60.0,0.8,7.1,2.6,1.5,1.3,7.9,332.0
22489,2025-12-26 18:00:00,9.0,,10.4,1027.8,62.0,1.3,7.1,2.4,1.8,1.2,9.6,347.0
22489,2025-12-26 19:00:00,8.0,,9.2,1027.8,62.0,1.1,7.1,2.3,1.5,1.1,8.4,343.0
22489,2025-12-26 20:00:00,8.3,,8.3,1028.2,64.0,1.5,7.0,2.0,1.4,1.0,9.0,304.0
22489,2025-12-26 21:00:00,6.7,,8.3,1028.4,61.0,1.6,6.9,1.9,1.1,0.7,7.5,342.0
22489,2025-12-26 22:00:00,6.8,,7.5,1028.1,60.0,1.7,6.8,1.8,1.1,0.8,7.8,334.0
22489,2025-12-26 23:00:00,6.8,,8.3,1027.9,61.0,1.7,6.9,1.5,0.9,0.7,8.1,301.0
22489,2025-12-27 00:00:00,4.9,,6.5,1028.0,74.0,-0.1,7.0,1.4,0.8,0.6,7.9,323.0
22489,2025-12-27 01:00:00,5.3,,5.6,1027.8,74.0,-0.6,7.0,1.2,1.0,0.6,7.7,294.0
22489,2025-12-27 02:00:00,4.8,,4.9,1027.8,71.0,-0.8,7.0,1.0,0.8,0.6,7.7,303.0
22489,2025-12-27 03:00:00,3.1,,4.0,1028.1,67.0,-0.9,6.9,1.0,0.8,0.6,6.4,296.0
22489,2025-12-27 04:00:00,2.8,,3.3,1028.2,67.0,-0.8,7.0,1.0,0.7,0.5,7.5,358.0
22489,2025-12-27 05:00:00,4.3,,4.6,1027.3,69.0,-1.0,6.9,1.0,0.7,0.5,7.7,329.0
22489,2025-12-27 06:00:00,2.9,,4.0,1027.5,72.0,-1.0,6.6,0.9,0.5,0.4,7.5,323.0
22489,2025-12-27 07:00:00,3.4,,4.4,1027.6,69.0,-0.8,6.7,0.7,0.5,0.4,6.9,310.0
22489,2025-12-27 08:00:00,4.0,,4.9,1027.5,67.0,-0.3,7.0,0.8,0.5,0.4,7.7,301.0
22489,2025-12-27 09:00:00,4.4,,4.7,1027.8,70.0,0.3,6.6,0.8,0.6,0.4,7.3,310.0
22489,2025-12-27 10:00:00,5.2,,5.3,1028.5,72.0,0.9,6.7,0.8,0.5,0.3,7.1,292.0
22489,2025-12-27 11:00:00,4.3,,5.0,1028.2,68.0,1.6,7.0,0.6,0.4,0.3,6.9,281.0
22489,2025-12-27 12:00:00,4.2,,4.6,1027.1,71.0,2.5,7.1,0.5,0.4,0.3,6.4,317.0
22489,2025-12-27 13:00:00,2.4,,2.7,1026.2,70.0,3.5,7.2,0.5,0.4,0.3,6.2,284.0
22489,2025-12-27 14:00:00,2.6,,2.9,1025.3,68.0,4.1,7.3,0.6,0.4,0.3,5.4,272.0
22489,2025-12-27 15:00:00,3.6,,4.0,1024.9,72.0,5.0,7.3,0.8,0.5,0.3,5.1,237.0
22489,2025-12-27 16:00:00,5.6,,6.3,1024.5,70.0,5.3,7.1,0.8,0.5,0.4,5.8,250.0
22489,2025-12-27 17:00:00,5.4,,5.9,1024.8,67.0,5.7,6.9,0.8,0.5,0.4,5.8,234.0
22489,2025-12-27 18:00:00,5.1,,6.0,1024.9,64.0,6.0,7.2,0.8,0.6,0.4,5.0,249.0
22489,2025-12-27 19:00:00,5.1,,6.3,1025.3,63.0,6.2,7.0,0.7,0.6,0.4,5.8,282.0
22489,2025-12-27 20:00:00,5.3,,5.4,1025.5,64.0,6.3,7.0,1.0,0.8,0.5,5.7,304.0
22489,2025-12-27 21:00:00,5.8,,5.8,1025.7,63.0,6.3,7.0,1.2,0.8,0.6,6.3,287.0
22489,2025-12-27 22:00:00,4.9,,5.5,1025.9,62.0,6.4,7.0,1.3,0.9,0.7,7.5,322.0
22489,2025-12-27 23:00:00,4.8,,5.0,1025.8,62.0,6.6,6.8,1.6,0.9,0.6,6.2,309.0
22489,2025-12-28 00:00:00,4.4,,5.0,1025.5,69.0,6.3,6.8,1.2,0.9,0.6,7.5,314.0
22489,2025-12-28 01:00:00,3.4,,3.9,1025.3,68.0,6.4,7.1,1.4,1.1,0.7,7.1,288.0
22489,2025-12-28 02:00:00,3.3,,3.4,1025.0,68.0,6.0,7.0,1.5,0.9,0.6,6.2,307.0
22489,2025-12-28 03:00:00,4.0,,4.3,1025.0,69.0,6.1,7.0,1.5,0.9,0.7,6.1,304.0
22489,2025-12-28 04:00:00,4.0,,4.1,1024.3,72.0,6.0,7.0,1.3,0.8,0.6,6.8,271.0
22489,2025-12-28 05:00:00,3.7,,4.0,1024.0,72.0,6.1,6.9,1.1,0.8,0.6,7.2,321.0
22489,2025-12-28 06:00:00,3.8,,4.0,1023.9,70.0,6.2,6.8,1.3,0.8,0.6,6.8,278.0
22489,2025-12-28 07:00:00,3.6,,4.1,1023.8,73.0,6.1,6.8,1.1,0.8,0.6,6.1,266.0
22489,2025-12-28 08:00:00,4.3,,4.5,1024.0,70.0,6.6,6.7,0.9,0.8,0.5,7.3,304.0
22489,2025-12-28 09:00:00,4.1,,4.1,1024.5,77.0,6.4,6.9,0.8,0.6,0.5,6.7,312.0
22489,2025-12-28 10:00:00,4.0,,4.3,1024.6,73.0,6.8,6.8,0.9,0.7,0.5,6.9,287.0
22489,2025-12-28 11:00:00,,,,1024.2,79.0,6.8,6.8,0.6,0.4,0.3,8.0,237.0
22489,2025-12-28 12:00:00,,,,1023.1,78.0,7.1,7.1,0.6,0.4,0.3,7.9,298.0
22489,2025-12-28 13:00:00,,,,1022.2,77.0,7.6,7.1,0.6,0.4,0.3,7.9,281.0
22489,2025-12-28 14:00:00,,,,1021.3,76.0,8.0,7.3,0.6,0.4,0.3,8.1,223.0
22489,2025-12-28 15:00:00,2.4,,3.1,1020.9,75.0,8.2,7.4,,,,8.2,262.0
22489,2025-12-28 16:00:00,2.5,,2.5,1020.7,75.0,8.3,7.4,,,,8.0,292.0
22489,2025-12-28 17:00:00,3.1,,3.3,1020.3,70.0,8.5,7.3,,,,8.0,213.0
22489,2025-12-28 18:00:00,3.0,,3.0,1020.3,77.0,8.1,7.1,,,,8.1,287.0
22489,2025-12-28 19:00:00,3.9,,4.3,1020.2,73.0,8.5,7.5,,,,8.0,272.0
22489,2025-12-28 20:00:00,5.1,,5.1,1020.3,75.0,8.2,7.2,,,,7.9,206.0
22489,2025-12-28 21:00:00,3.8,,4.3,1020.2,80.0,7.9,7.1,,,,8.1,225.0
22489,2025-12-28 22:00:00,4.2,,4.3,1020.2,82.0,7.8,7.1,,,,8.1,201.0
22489,2025-12-28 23:00:00,3.3,,3.9,1020.3,83.0,7.7,7.3,,,,8.0,219.0
22489,2025-12-29 00:00:00,2.5,,2.6,1020.0,87.0,7.5,6.9,,,,8.0,234.0
22489,2025-12-29 01:00:00,3.1,,3.1,1019.7,89.0,7.5,7.0,,,,8.1,248.0
22489,2025-12-29 02:00:00,2.9,,3.7,1019.3,90.0,7.3,7.0,,,,7.9,228.0
22489,2025-12-29 03:00:00,2.6,,2.8,1019.4,92.0,7.0,7.1,,,,8.0,252.0
22489,2025-12-29 04:00:00,2.3,,2.4,1019.0,93.0,7.1,7.1,,,,8.1,278.0
22489,2025-12-29 05:00:00,2.6,,3.3,1018.7,85.0,8.2,6.9,,,,8.0,274.0
22489,2025-12-29 06:00:00,2.4,,3.1,1018.5,89.0,8.0,6.9,,,,8.0,286.0
22489,2025-12-29 07:00:00,4.9,,5.3,1018.5,80.0,9.2,7.0,,,,7.9,299.0
22489,2025-12-29 08:00:00,3.6,,4.2,1018.9,80.0,9.1,7.0,,,,8.0,235.0
22489,2025-12-29 09:00:00,2.4,,3.2,1019.4,84.0,8.8,7.2,,,,8.1,282.0
22489,2025-12-29 10:00:00,2.3,,3.0,1019.8,85.0,8.8,7.3,,,,7.9,280.0
22489,2025-12-29 11:00:00,2.6,,2.6,1019.7,88.0,8.9,7.6,,,,8.0,236.0
22489,2025-12-29 12:00:00,1.8,,2.5,1019.0,87.0,8.6,7.2,,,,8.1,275.0
22489,2025-12-29 13:00:00,1.9,,2.5,1018.0,87.0,9.0,7.2,,,,8.1,298.0
22489,2025-12-29 14:00:00,3.1,,3.3,1017.8,86.0,9.5,7.2,,,,8.0,295.0
22489,2025-12-29 15:00:00,2.6,,2.6,1017.9,90.0,9.0,7.2,,,,8.0,269.0
22489,2025-12-29 16:00:00,1.9,,2.0,1018.3,91.0,9.1,7.4,,,,8.0,291.0
22489,2025-12-29 17:00:00,2.9,,2.9,1018.9,89.0,8.6,7.4,,,,7.9,217.0
22489,2025-12-29 18:00:00,4.3,,4.5,1019.8,87.0,8.6,7.1,,,,7.9,245.0
22489,2025-12-29 19:00:00,5.1,,6.2,1020.4,81.0,8.6,7.5,,,,8.0,234.0
22489,2025-12-29 20:00:00,5.2,,6.1,1021.1,80.0,8.3,7.1,,,,8.0,286.0
22489,2025-12-29 21:00:00,6.1,,7.1,1021.2,75.0,8.1,7.5,,,,7.9,250.0
22489,2025-12-29 22:00:00,5.9,,6.2,1021.9,75.0,7.7,7.5,,,,8.0,226.0
22489,2025-12-29 23:00:00,7.3,,8.0,1022.0,71.0,7.4,7.3,,,,8.1,247.0
22489,2025-12-30 00:00:00,6.9,,7.3,1022.2,64.0,7.2,6.9,,,,7.9,285.0
22489,2025-12-30 01:00:00,6.0,,6.7,1022.6,67.0,6.8,7.1,,,,8.0,283.0
22489,2025-12-30 02:00:00,6.2,,6.9,1023.0,63.0,6.8,7.1,,,,7.9,237.0
22489,2025-12-30 03:00:00,6.7,,7.0,1023.0,62.0,6.4,7.1,,,,8.1,251.0
22489,2025-12-30 04:00:00,7.2,,8.2,1023.0,64.0,6.1,7.1,,,,8.1,294.0
22489,2025-12-30 05:00:00,7.7,,8.3,1023.1,61.0,6.0,7.1,,,,8.0,295.0
22489,2025-12-30 06:00:00,7.5,,8.1,1023.4,59.0,5.5,7.1,,,,8.0,264.0
22489,2025-12-30 07:00:00,7.2,,8.7,1023.9,66.0,4.9,7.0,,,,8.1,258.0
22489,2025-12-30 08:00:00,8.8,,9.5,1024.6,64.0,4.4,6.9,,,,7.9,213.0
22489,2025-12-30 09:00:00,9.0,,10.0,1025.3,57.0,4.2,6.9,,,,8.1,285.0
22489,2025-12-30 10:00:00,9.6,,10.0,1025.9,48.0,4.2,7.0,,,,8.1,267.0
22489,2025-12-30 11:00:00,8.2,,9.6,1026.0,51.0,4.0,7.1,,,,8.0,257.0
22489,2025-12-30 12:00:00,8.1,,9.0,1025.3,40.0,4.0,6.9,,,,8.0,289.0
22489,2025-12-30 13:00:00,7.3,,9.8,1024.5,38.0,4.1,6.9,,,,8.1,242.0
22489,2025-12-30 14:00:00,8.3,,9.1,1024.2,43.0,4.0,7.0,,,,7.9,298.0
22489,2025-12-30 15:00:00,7.8,,9.4,1024.4,47.0,4.5,7.0,,,,8.1,265.0
22489,2025-12-30 16:00:00,6.5,,7.2,1024.6,42.0,4.7,7.1,,,,8.0,213.0
22489,2025-12-30 17:00:00,5.3,,6.7,1025.2,44.0,4.6,7.1,,,,8.0,268.0
22489,2025-12-30 18:00:00,5.6,,6.6,1025.4,52.0,4.9,7.1,,,,8.0,200.0
22489,2025-12-30 19:00:00,5.4,,6.0,1025.6,48.0,4.8,7.0,,,,8.0,214.0
22489,2025-12-30 20:00:00,5.0,,5.4,1025.7,51.0,4.7,6.9,,,,8.1,228.0
22489,2025-12-30 21:00:00,4.0,,4.5,1026.1,49.0,4.6,6.9,,,,8.1,278.0
22489,2025-12-30 22:00:00,4.4,,4.8,1026.1,50.0,4.5,6.8,,,,8.0,230.0
22489,2025-12-30 23:00:00,3.9,,4.1,1026.3,52.0,4.2,6.9,,,,8.1,224.0
22489,2025-12-31 00:00:00,3.0,,3.6,1026.6,49.0,4.1,6.8,,,,8.0,255.0
22489,2025-12-31 01:00:00,1.7,,2.5,1026.0,52.0,3.8,6.7,,,,7.9,247.0
22489,2025-12-31 02:00:00,1.8,,2.0,1026.2,50.0,3.6,6.8,,,,8.0,240.0
22489,2025-12-31 03:00:00,1.5,,1.9,1026.3,48.0,3.8,7.0,,,,8.0,290.0
22489,2025-12-31 04:00:00,1.9,,2.0,1025.8,54.0,4.1,7.1,,,,8.0,261.0
22489,2025-12-31 05:00:00,8.7,,8.7,1025.9,65.0,2.5,7.1,,,,7.8,220.0
22489,2025-12-31 06:00:00,6.2,,6.9,1026.7,85.0,2.2,7.2,,,,8.0,222.0
22489,2025-12-31 07:00:00,6.8,,8.5,1027.0,80.0,3.5,7.0,,,,8.0,289.0
22489,2025-12-31 08:00:00,9.1,,9.3,1027.6,64.0,3.4,6.9,,,,8.0,201.0
22489,2025-12-31 09:00:00,9.3,,10.8,1028.6,60.0,2.5,6.8,,,,7.9,204.0
22489,2025-12-31 10:00:00,10.7,,11.5,1029.4,57.0,1.7,6.7,,,,8.0,216.0
22489,2025-12-31 11:00:00,10.6,,11.4,1029.3,58.0,1.3,6.9,,,,8.0,274.0
22489,2025-12-31 12:00:00,11.7,,11.7,1028.5,57.0,1.1,6.9,,,,8.0,214.0
22489,2025-12-31 13:00:00,11.4,,12.3,1027.4,59.0,0.7,6.8,,,,8.0,272.0
22489,2025-12-31 14:00:00,9.5,,11.2,1027.4,60.0,0.8,6.7,,,,8.0,226.0
22489,2025-12-31 15:00:00,11.0,,11.5,1027.1,65.0,1.0,6.8,,,,8.0,235.0
22489,2025-12-31 16:00:00,9.1,,11.7,1027.4,60.0,0.7,6.9,,,,8.0,203.0
22489,2025-12-31 17:00:00,9.9,,10.3,1027.8,66.0,1.3,6.9,,,,8.1,215.0
22489,2025-12-31 18:00:00,10.6,,11.6,1027.9,63.0,1.2,7.0,,,,8.1,243.0
22489,2025-12-31 19:00:00,9.0,,10.8,1028.7,62.0,1.4,7.0,,,,7.9,208.0
22489,2025-12-31 20:00:00,8.5,,10.0,1028.5,61.0,1.0,6.9,,,,8.1,271.0
22489,2025-12-31 21:00:00,9.6,,10.8,1028.5,61.0,1.0,6.9,,,,8.0,215.0
22489,2025-12-31 22:00:00,11.0,,11.0,1028.2,62.0,1.1,6.9,,,,8.1,240.0
22489,2025-12-31 23:00:00,9.5,,10.7,1028.2,63.0,1.1,6.9,,,,7.9,205.0
